"SEASON";"acao_agrupada";"media"
"1";"2008-09";"arremesso convertido 2 pts";60625.0950570342
"2";"2008-09";"arremesso convertido 3 pts";13323.1939163498
"3";"2008-09";"arremesso errado 2 pts";64346.7680608365
"4";"2008-09";"arremesso errado 3 pts";23071.4828897338
"5";"2008-09";"lance livre correto";38272.2433460076
"6";"2008-09";"lance livre errado";11414.4486692015
"7";"2009-10";"arremesso convertido 2 pts";62192.8353658537
"8";"2009-10";"arremesso convertido 3 pts";12889.4817073171
"9";"2009-10";"arremesso errado 2 pts";64336.8902439024
"10";"2009-10";"arremesso errado 3 pts";23497.7134146341
"11";"2009-10";"lance livre correto";37478.6585365854
"12";"2009-10";"lance livre errado";11929.8780487805
"13";"2010-11";"arremesso convertido 2 pts";61213.5774218154
"14";"2010-11";"arremesso convertido 3 pts";12871.8535469108
"15";"2010-11";"arremesso errado 2 pts";64733.0282227307
"16";"2010-11";"arremesso errado 3 pts";23142.6392067124
"17";"2010-11";"lance livre correto";37381.3882532418
"18";"2010-11";"lance livre errado";11530.8924485126
"19";"2011-12";"arremesso convertido 2 pts";59899.4413407821
"20";"2011-12";"arremesso convertido 3 pts";12743.947858473
"21";"2011-12";"arremesso errado 2 pts";65879.8882681564
"22";"2011-12";"arremesso errado 3 pts";23920.8566108007
"23";"2011-12";"lance livre correto";33959.9627560521
"24";"2011-12";"lance livre errado";11148.9757914339
"25";"2012-13";"arremesso convertido 2 pts";59685.6925418569
"26";"2012-13";"arremesso convertido 3 pts";14313.5464231355
"27";"2012-13";"arremesso errado 2 pts";64009.8934550989
"28";"2012-13";"arremesso errado 3 pts";25693.302891933
"29";"2012-13";"lance livre correto";33587.5190258752
"30";"2012-13";"lance livre errado";11022.8310502283
"31";"2013-14";"arremesso convertido 2 pts";59720.2426080364
"32";"2013-14";"arremesso convertido 3 pts";15526.9143290371
"33";"2013-14";"arremesso errado 2 pts";62689.9166034875
"34";"2013-14";"arremesso errado 3 pts";27651.2509476876
"35";"2013-14";"lance livre correto";35811.9787717968
"36";"2013-14";"lance livre errado";11511.7513267627
"37";"2014-15";"arremesso convertido 2 pts";59135.7742181541
"38";"2014-15";"arremesso convertido 3 pts";15807.7803203661
"39";"2014-15";"arremesso errado 2 pts";62900.0762776506
"40";"2014-15";"arremesso errado 3 pts";29406.5598779558
"41";"2014-15";"lance livre correto";34405.7971014493
"42";"2014-15";"lance livre errado";11549.9618611747
"43";"2015-16";"arremesso convertido 2 pts";59139.0577507599
"44";"2015-16";"arremesso convertido 3 pts";17115.5015197568
"45";"2015-16";"arremesso errado 2 pts";61431.6109422492
"46";"2015-16";"arremesso errado 3 pts";31268.2370820669
"47";"2015-16";"lance livre correto";35352.5835866261
"48";"2015-16";"lance livre errado";11395.1367781155
"49";"2016-17";"arremesso convertido 2 pts";58624.140565317
"50";"2016-17";"arremesso convertido 3 pts";19410.2368220015
"51";"2016-17";"arremesso errado 2 pts";57735.6760886173
"52";"2016-17";"arremesso errado 3 pts";34844.1558441558
"53";"2016-17";"lance livre correto";35763.1779984721
"54";"2016-17";"lance livre errado";10546.9824293354
"55";"2017-18";"arremesso convertido 2 pts";58078.506097561
"56";"2017-18";"arremesso convertido 3 pts";20983.2317073171
"57";"2017-18";"arremesso errado 2 pts";55700.4573170732
"58";"2017-18";"arremesso errado 3 pts";37130.3353658537
"59";"2017-18";"lance livre correto";33323.9329268293
"60";"2017-18";"lance livre errado";10127.2865853659
"61";"2018-19";"arremesso convertido 2 pts";59113.5670731707
"62";"2018-19";"arremesso convertido 3 pts";22726.3719512195
"63";"2018-19";"arremesso errado 2 pts";54891.006097561
"64";"2018-19";"arremesso errado 3 pts";41407.0121951219
"65";"2018-19";"lance livre correto";35572.4085365854
"66";"2018-19";"lance livre errado";10777.4390243902
"67";"2019-20";"arremesso convertido 2 pts";56884.5144356955
"68";"2019-20";"arremesso convertido 3 pts";24550.3062117235
"69";"2019-20";"arremesso errado 2 pts";51650.0437445319
"70";"2019-20";"arremesso errado 3 pts";43992.125984252
"71";"2019-20";"lance livre correto";35872.2659667542
"72";"2019-20";"lance livre errado";10469.8162729659
"73";"2020-21";"arremesso convertido 2 pts";56931.6239316239
"74";"2020-21";"arremesso convertido 3 pts";25358.9743589744
"75";"2020-21";"arremesso errado 2 pts";50545.2991452991
"76";"2020-21";"arremesso errado 3 pts";43848.7179487179
"77";"2020-21";"lance livre correto";34020.5128205128
"78";"2020-21";"lance livre errado";9695.7264957265
"79";"2021-22";"arremesso convertido 2 pts";56065.7596371882
"80";"2021-22";"arremesso convertido 3 pts";24843.537414966
"81";"2021-22";"arremesso errado 2 pts";49294.7845804989
"82";"2021-22";"arremesso errado 3 pts";45396.8253968254
"83";"2021-22";"lance livre correto";33981.8594104308
"84";"2021-22";"lance livre errado";9868.48072562358
"85";"2022-23";"arremesso convertido 2 pts";59063.6363636364
"86";"2022-23";"arremesso convertido 3 pts";24629.5454545455
"87";"2022-23";"arremesso errado 2 pts";48959.8484848485
"88";"2022-23";"arremesso errado 3 pts";43798.4848484848
"89";"2022-23";"lance livre correto";36644.696969697
"90";"2022-23";"lance livre errado";10184.8484848485
"91";"2023-24";"arremesso convertido 2 pts";59281.9277108434
"92";"2023-24";"arremesso convertido 3 pts";25679.5180722892
"93";"2023-24";"arremesso errado 2 pts";49256.6265060241
"94";"2023-24";"arremesso errado 3 pts";44290.3614457831
"95";"2023-24";"lance livre correto";35471.0843373494
"96";"2023-24";"lance livre errado";9777.10843373494
