"SEASON";"acao";"media"
"1";"2008-09";"18";613.688212927757
"2";"2008-09";"8";37698.8593155894
"3";"2008-09";"9";13120.1520912548
"4";"2009-10";"18";980.182926829268
"5";"2009-10";"8";38307.9268292683
"6";"2009-10";"9";12996.1890243902
"7";"2010-11";"18";1156.36918382914
"8";"2010-11";"8";40166.2852784134
"9";"2010-11";"9";13346.3005339436
"10";"2011-12";"18";1039.1061452514
"11";"2011-12";"8";40444.1340782123
"12";"2011-12";"9";13273.7430167598
"13";"2012-13";"18";1249.61948249619
"14";"2012-13";"8";40612.6331811263
"15";"2012-13";"9";13224.5053272451
"16";"2013-14";"18";1541.31918119788
"17";"2013-14";"8";41101.5921152388
"18";"2013-14";"9";13527.6724791509
"19";"2014-15";"18";1798.62700228833
"20";"2014-15";"8";43977.1167048055
"21";"2014-15";"9";13446.9870327994
"22";"2015-16";"18";1864.74164133739
"23";"2015-16";"8";44839.6656534954
"24";"2015-16";"9";13455.9270516717
"25";"2016-17";"18";2142.85714285714
"26";"2016-17";"8";44709.7020626432
"27";"2016-17";"9";13571.4285714286
"28";"2017-18";"18";1764.48170731707
"29";"2017-18";"8";45080.0304878049
"30";"2017-18";"9";10775.1524390244
"31";"2018-19";"18";1794.96951219512
"32";"2018-19";"8";46554.8780487805
"33";"2018-19";"9";10932.1646341463
"34";"2019-20";"18";1982.5021872266
"35";"2019-20";"8";48849.5188101487
"36";"2019-20";"9";11248.4689413823
"37";"2020-21";"18";1785.47008547009
"38";"2020-21";"8";46270.0854700855
"39";"2020-21";"9";10968.3760683761
"40";"2021-22";"18";1727.89115646259
"41";"2021-22";"8";46712.0181405896
"42";"2021-22";"9";10883.5978835979
"43";"2022-23";"18";1696.21212121212
"44";"2022-23";"8";46491.6666666667
"45";"2022-23";"9";10967.4242424242
"46";"2023-24";"18";1993.97590361446
"47";"2023-24";"8";47421.686746988
"48";"2023-24";"9";11024.0963855422
