quantidade_tokens;passo;last_cod;cod;freq
;1;p440_8(0);p550_8(0);50139
;2;p550_8(0);p550_8(0);27390
;3;p541_6(11a);p400_3(12c);26949
;4;p451_6(11a);p500_3(12c);26456
;5;p440_8(0);p440_8(0);26284
;6;p400_3(12w);p200_4(1t);16427
;7;p500_3(12w);p300_4(1t);16254
;8;p440_8(0);p440_8(0)p550_8(0);14387
;9;p541_6(11a)p400_3(12c);p400_3(22c);13729
;10;p451_6(11a)p500_3(12c);p500_3(22c);13354
;11;p541_6(13a);p501_5(13p);12947
;12;p451_6(13a);p401_5(13p);12802
;13;p400_3(12c);p400_3(22c);12225
;14;p500_3(12c);p500_3(22c);11545
;15;p440_8(0)p550_8(0);p550_8(0);9499
;16;p541_6(11a);p400_3(12w)p200_4(1t);9073
;17;p451_6(11a);p500_3(12w)p300_4(1t);9023
;18;p400_4(0p);p400_1(3);8591
;19;p500_4(0p);p500_1(3);8456
;20;p550_8(0);p400_3(22c);7128
;21;p440_8(0);p500_3(22c);6767
;22;p300_9(0);p550_8(0);6599
;23;p200_9(0);p440_8(0);6459
;24;p400_4(0p);p400_2(3);6236
;25;p500_4(0p);p500_2(3);6180
;26;p451_6(11a);p500_3(11c);5877
;27;p541_6(11a);p400_3(11c);5781
;28;p200_9(0);p440_8(0)p440_8(0);5477
;29;p200_4(0t);p541_6(12a);5278
;30;p440_8(0);p400_3(22c);5197
;31;p300_4(0t);p451_6(12a);5192
;32;p550_8(0);p500_3(22c);4884
;33;p541_6(11p);p400_3(12c);4427
;34;p300_9(0);p550_8(0)p550_8(0);4389
;35;p451_6(11a)p500_3(12w)p300_4(1t);p500_3(22c);4343
300;36;p541_6(11a)p400_3(12w)p200_4(1t);p400_3(22c);4329
;37;p541_6(10a);p550_8(0);4088
;38;p451_6(11p);p500_3(12c);4029
;39;p405_2(3b);p200_4(0t);4008
;40;p541_6(11p);p400_3(12c)p400_3(22c);3934
;41;p504_2(3b);p300_4(0t);3929
;42;p400_2(5);p500_4(0p);3912
;43;p451_6(10a);p440_8(0);3903
;44;p500_2(5);p300_4(0t);3858
;45;p400_2(5);p200_4(0t);3857
;46;p500_2(5);p400_4(0p);3840
;47;p541_6(10p);p400_3(12c)p400_3(22c);3837
;48;p541_6(10p);p400_3(12c);3813
;49;p440_8(0)p440_8(0)p550_8(0);p550_8(0);3809
;50;p451_6(11p);p500_3(12c)p500_3(22c);3803
;51;p400_3(12w)p200_4(1t);p400_3(22c);3639
;52;p500_3(12w)p300_4(1t);p500_3(22c);3613
;53;p451_6(10p);p500_3(12c)p500_3(22c);3590
;54;p451_6(10p);p500_3(12c);3567
;55;p000_12(1);p454_10(0);3535
;56;p300_9(0);p440_8(0)p550_8(0);3502
;57;p000_12(1);p455_10(0);3388
;58;p200_9(0);p550_8(0);3339
;59;p541_6(11a)p400_3(12c);p400_3(22w);3217
;60;p451_6(11a)p500_3(12c);p500_3(22w);3142
;61;p300_9(0);p440_8(0);3108
;62;p200_9(0);p440_8(0)p550_8(0);3066
;63;p451_6(11a)p500_3(12c);p440_8(0)p500_3(22c);2681
;64;p541_6(11a)p400_3(12c);p550_8(0)p400_3(22c);2661
;65;p440_1(3a);p541_6(11a);2537
;66;p400_4(0p);p400_1(1);2506
;67;p451_6(10a);p550_8(0);2472
;68;p550_1(3a);p451_6(11a);2435
;69;p440_8(0)p550_8(0);p500_3(22c);2414
;70;p541_6(10a);p440_8(0);2340
;71;p440_8(0)p550_8(0);p400_3(22c);2301
;72;p500_4(0p);p500_1(1);2268
;73;p550_8(0)p550_8(0);p550_8(0);2257
;74;p400_2(4);p500_4(0p);2042
;75;p500_2(4);p400_4(0p);1939
;76;p300_9(0);p440_8(0)p440_8(0);1927
;77;p440_1(3a);p541_6(11a)p400_3(11c);1914
;78;p550_1(3a);p451_6(11a)p500_3(11c);1889
;79;p500_1(3);p451_6(11a);1868
;80;p541_6(11a)p400_3(12c);p440_8(0)p400_3(22c);1822
;81;p400_1(3);p541_6(11a);1814
;82;p200_9(0);p440_8(0)p440_8(0)p550_8(0);1809
;83;p200_9(0);p001_18(0);1802
;84;p440_8(0);p500_3(11c);1770
;85;p451_6(11p);p500_3(11c);1755
;86;p400_3(13c);p400_3(23c);1747
;87;p451_6(11a)p500_3(12c);p550_8(0)p500_3(22c);1724
;88;p400_4(0p);p541_6(10a);1714
;89;p550_8(0)p550_8(0);p400_3(22c);1712
;90;p440_8(0);p500_3(22w);1705
;91;p300_9(0);p440_8(0)p550_8(0)p550_8(0);1702
;92;p541_6(13a)p501_5(13p);p550_8(0);1681
;93;p500_3(13c);p500_3(23c);1677
;94;p550_8(0);p400_3(11c);1635
;95;p400_2(3);p500_4(0p);1618
;96;p541_6(11p);p400_3(11c);1616
;97;p300_9(0);p001_18(0);1589
;98;p401_6(01p);p500_3(40c);1584
;99;p550_8(0);p400_3(22w);1578
;100;p400_2(4);p200_4(0t);1573
;101;p300_4(0t);p451_6(12p);1559
;102;p300_9(0);p440_8(0)p440_8(0)p550_8(0);1545
;103;p440_8(0)p440_8(0);p500_3(22c);1537
;104;p451_6(13a)p401_5(13p);p440_8(0);1537
;105;p500_4(0p);p451_6(10a);1535
;106;p541_6(11p);p400_3(12w)p200_4(1t);1482
;107;p440_8(0)p550_8(0);p550_8(0)p550_8(0);1463
;108;p500_1(3);p451_6(11a)p500_3(11c);1460
;109;p451_6(11p);p500_3(12w)p300_4(1t);1451
;110;p500_2(3);p400_4(0p);1447
;111;p501_6(01p);p400_3(40c);1442
;112;p200_4(0t);p541_6(12p);1440
;113;p200_4(0t);p550_8(0);1439
;114;p400_2(3);p400_4(0p);1427
;115;p500_2(4);p300_4(0t);1407
;116;p400_1(3);p541_6(11a)p400_3(11c);1370
;117;p500_2(3);p500_4(0p);1350
;118;p451_6(11a)p500_3(12w)p300_4(1t);p500_3(22w);1349
;119;p541_6(11a)p400_3(12w)p200_4(1t);p400_3(22w);1338
;120;p300_4(0t);p440_8(0);1323
;121;p300_4(0t);p550_8(0);1313
;122;p541_6(10p);p400_3(12w)p200_4(1t);1279
;123;p440_8(0);p400_3(22w);1255
;124;p200_4(0t);p440_8(0);1250
;125;p451_6(11p);p500_3(12w)p300_4(1t)p500_3(22c);1226
;126;p541_6(11p);p400_3(12w)p200_4(1t)p400_3(22c);1223
;127;p200_9(0);p550_8(0)p550_8(0);1190
;128;p504_2(3b);p400_4(0p);1177
;129;p440_8(0)p440_8(0);p440_8(0);1164
;130;p400_2(5);p400_4(0p);1157
;131;p500_2(5);p500_4(0p);1155
;132;p541_6(10a);p440_8(0)p550_8(0);1155
;133;p451_6(10p);p500_3(12w)p300_4(1t);1145
;134;p200_9(0);p440_8(0)p550_8(0)p550_8(0);1126
;135;p440_8(0);p400_3(11c);1126
;136;p451_6(10a);p440_8(0)p550_8(0);1122
;137;p550_8(0);p500_3(22w);1112
;138;p405_2(3b);p500_4(0p);1106
;139;p500_2(5);p200_4(0t);1086
;140;p400_3(13c)p400_3(23c);p400_3(33c);1080
;141;p400_2(5);p300_4(0t);1077
;142;p400_3(12c);p400_3(22w);1069
;143;p451_6(10p);p500_3(12w)p300_4(1t)p500_3(22c);1046
;144;p541_6(10p);p400_3(12w)p200_4(1t)p400_3(22c);1045
;145;p500_3(12c);p500_3(22w);1033
;146;p451_6(10a);p440_8(0)p440_8(0);1032
;147;p500_1(4);p451_6(11a);1010
;148;p500_3(13c)p500_3(23c);p500_3(33c);1002
;149;p550_8(0);p500_3(11c);994
;150;p451_6(11a)p500_3(12c);p440_8(0)p550_8(0)p500_3(22c);991
;151;p400_1(4);p541_6(11a);983
;152;p401_6(05p);p500_3(40c);966
;153;p541_6(11p)p400_3(12c);p550_8(0)p400_3(22c);954
;154;p501_6(05p);p400_3(40c);951
;155;p300_4(0t);p301_5(37t);948
;156;p400_2(3);p200_4(0t);946
;157;p440_1(3a);p300_9(0);943
;158;p541_6(10a);p550_8(0)p550_8(0);941
;159;p541_6(11p)p400_3(12c);p400_3(22w);933
;160;p500_4(0p)p500_2(3);p400_4(0p);930
;161;p500_1(4);p451_6(11a)p500_3(11c);924
;162;p400_4(0p)p400_2(3);p500_4(0p);923
;163;p550_8(0)p550_8(0);p500_3(22c);921
;164;p451_6(13a)p401_5(13p);p550_8(0);918
;165;p541_6(21p);p400_3(12c)p400_3(22c);918
;166;p541_6(11a)p400_3(12c);p440_8(0)p550_8(0)p400_3(22c);910
;167;p440_8(0)p440_8(0);p400_3(22c);909
;168;p541_6(13a)p501_5(13p);p440_8(0);901
;169;p550_1(3a);p200_9(0);888
;170;p451_6(11p)p500_3(12c);p440_8(0)p500_3(22c);877
;171;p400_1(4);p541_6(11a)p400_3(11c);876
;172;p400_2(4);p400_4(0p);876
;173;p200_4(0t);p201_5(37t);869
;174;p300_9(0)p550_8(0)p550_8(0);p550_8(0);869
;175;p541_6(11a)p400_3(12w)p200_4(1t);p550_8(0)p400_3(22c);865
;176;p451_6(11p)p500_3(12c);p500_3(22w);860
;177;p500_2(4);p500_4(0p);859
;178;p440_8(0)p550_8(0)p550_8(0);p400_3(22c);857
;179;p440_1(1a);p300_9(0);853
;180;p500_2(3);p300_4(0t);839
;181;p541_6(10p)p400_3(12c);p550_8(0)p400_3(22c);833
;182;p401_5(34p);p550_8(0);830
;183;p200_9(0)p440_8(0)p440_8(0);p440_8(0);818
;184;p400_4(0p)p400_2(3);p400_4(0p);810
;185;p541_6(10p)p400_3(12c);p400_3(22w);809
;186;p451_6(11a)p500_3(12w)p300_4(1t);p440_8(0)p500_3(22c);805
;187;p440_8(0)p440_8(0);p440_8(0)p550_8(0);795
;188;p451_6(10p)p500_3(12c);p440_8(0)p500_3(22c);794
;189;p405_2(3b);p300_4(0t);787
;190;p451_6(21p);p500_3(12c)p500_3(22c);785
;191;p440_8(0)p440_8(0)p550_8(0);p500_3(22c);784
;192;p504_2(3b);p200_4(0t);782
;193;p541_6(11p)p400_3(12c);p440_8(0)p400_3(22c);780
;194;p300_9(0);p440_8(0)p440_8(0)p550_8(0)p550_8(0);773
;195;p200_9(0);p440_8(0)p440_8(0)p550_8(0)p550_8(0);772
;196;p501_5(34p);p550_8(0);756
;197;p500_1(3);p401_7(2p);734
;198;p501_5(34p);p440_8(0);733
;199;p440_1(3a);p541_6(11p);731
;200;p500_4(0p)p500_2(3);p500_4(0p);724
;201;p440_8(0)p550_8(0)p550_8(0);p500_3(22c);709
;202;p550_1(3a)p451_6(11a);p500_3(11w);707
;203;p541_6(10p)p400_3(12c);p440_8(0)p400_3(22c);700
;204;p451_6(10p)p500_3(12c);p500_3(22w);699
;205;p451_6(11a)p500_3(12c);p440_8(0)p440_8(0)p500_3(22c);698
;206;p440_1(3a)p541_6(11a);p400_3(11w);696
;207;p401_5(34p);p440_8(0);686
;208;p550_1(3a);p451_6(11p);683
;209;p500_4(0p);p451_6(11a)p500_3(12c)p500_3(22c);670
;210;p400_1(3);p501_7(2p);668
;211;p440_8(0)p440_8(0)p550_8(0);p550_8(0)p550_8(0);666
;212;p550_1(1a);p200_9(0);665
;213;p451_6(11p)p500_3(12c);p550_8(0)p500_3(22c);654
;214;p541_6(11a)p400_3(12c);p550_8(0)p550_8(0)p400_3(22c);646
;215;p001_18(0);p000_13(2);638
;216;p200_4(0t)p541_6(12a);p550_8(0);638
;217;p451_6(11a)p500_3(12c);p440_8(0)p500_3(22w);633
;218;p400_1(3);p541_6(11p);632
;219;p300_4(0t)p451_6(12a);p440_8(0);631
;220;p451_6(10p)p500_3(12c);p550_8(0)p500_3(22c);629
;221;p541_6(11a);p400_3(13c)p400_3(23c)p400_3(33c);628
;222;p550_1(3a);p401_7(2p);628
;223;p400_4(0p);p541_6(11a)p400_3(12c)p400_3(22c);627
;224;p541_6(21p);p400_3(12c);626
;225;p400_1(3);p300_9(0);625
;226;p541_6(10a);p440_8(0)p440_8(0);619
;227;p001_18(0);p000_13(1);616
;228;p001_18(0);p000_13(3);612
;229;p500_3(40w);p300_4(1t);604
;230;p440_8(0)p440_8(0)p550_8(0);p400_3(22c);603
;231;p500_1(3);p451_6(11p);601
;232;p451_6(21p);p500_3(12c);599
;233;p451_6(10a);p550_8(0)p550_8(0);590
;234;p405_2(3b);p400_4(0p);587
;235;p440_1(3a);p501_7(2p);587
;236;p451_6(11a);p500_3(13c)p500_3(23c)p500_3(33c);580
;237;p504_2(3b);p500_4(0p);578
;238;p440_1(4a);p541_6(11a);574
;239;p440_8(0);p500_3(11w);573
;240;p300_9(0)p440_8(0)p550_8(0);p550_8(0)p550_8(0);572
;241;p400_2(3);p300_4(0t);571
;242;p541_6(11a)p400_3(12c);p550_8(0)p400_3(22w);571
;243;p550_8(0);p400_3(12c)p400_3(22c);568
;244;p440_1(5a);p300_9(0);565
;245;p400_2(4);p300_4(0t);560
;246;p405_2(4b);p200_4(0t);559
;247;p400_3(40w);p200_4(1t);558
;248;p440_8(0)p550_8(0);p400_3(22w);556
;249;p500_1(3);p200_9(0);554
;250;p504_2(4b);p300_4(0t);553
;251;p440_1(4a);p541_6(11a)p400_3(11c);550
;252;p541_6(11a)p400_3(12w)p200_4(1t);p440_8(0)p400_3(22c);549
;253;p451_6(11a)p500_3(12w)p300_4(1t);p550_8(0)p500_3(22c);546
;254;p200_9(0)p440_8(0)p440_8(0);p440_8(0)p550_8(0);544
;255;p550_8(0);p400_3(11w);541
;256;p451_6(11a);p500_3(11w);539
;257;p440_8(0)p550_8(0);p500_3(22w);538
;258;p550_1(3a);p451_6(11p)p500_3(11c);538
;259;p500_2(4);p200_4(0t);537
;260;p500_2(3);p200_4(0t);534
;261;p440_8(0);p500_3(12c)p500_3(22c);529
;262;p550_1(4a);p451_6(11a)p500_3(11c);519
;263;p451_6(11a)p500_3(12c);p440_8(0)p440_8(0);509
;264;p440_1(3a);p541_6(11p)p400_3(11c);508
;265;p500_2(5)p300_4(0t);p000_13(3);507
;266;p500_3(12w)p300_4(1t);p500_3(22w);499
;267;p550_1(5a);p200_9(0);493
;268;p440_8(0)p550_8(0);p500_3(11c);487
;269;p451_6(21a);p440_8(0);483
;270;p400_2(5)p200_4(0t);p000_13(3);482
;271;p451_6(10a);p440_8(0)p440_8(0)p550_8(0);479
;272;p500_2(5)p300_4(0t);p000_13(1);479
;273;p541_6(10a);p440_8(0)p550_8(0)p550_8(0);478
;274;p500_2(5)p300_4(0t);p000_13(2);476
;275;p400_2(5)p200_4(0t);p000_13(1);474
;276;p501_5(12p);p550_8(0);470
;277;p440_1(3a);p300_9(0)p550_8(0);469
;278;p400_3(13w);p200_4(1t);464
;279;p500_1(3)p451_6(11a);p500_3(11w);461
;280;p550_8(0);p440_8(0);461
;281;p440_8(0)p550_8(0);p400_3(11c);459
;282;p454_10(1);p540_5(35p);459
;283;p541_6(13a)p501_5(13p);p440_8(0)p550_8(0);457
;284;p400_2(5)p200_4(0t);p000_13(2);456
;285;p500_1(3);p451_6(11p)p500_3(11c);455
;286;p200_9(1);p001_18(0);449
;287;p500_3(13w);p300_4(1t);446
;288;p300_4(0t)p451_6(12p);p500_3(12c)p500_3(22c);443
;289;p400_1(3);p541_6(11p)p400_3(11c);442
;290;p401_5(12p);p550_8(0);442
;291;p455_10(1);p450_5(35p);440
;292;p501_5(12p);p440_8(0);438
;293;p550_8(0)p550_8(0);p400_3(11c);437
;294;p400_3(12w)p200_4(1t);p400_3(22w);435
;295;p400_4(0p);p541_6(21a);431
;296;p401_5(12p);p440_8(0);430
;297;p400_1(3)p541_6(11a);p400_3(11w);429
;298;p400_2(5);p200_4(0t)p541_6(12a);423
;299;p541_6(11a)p400_3(12c);p440_8(0)p400_3(22w);421
;300;p451_6(11a);p500_3(13c)p500_3(23c);416
;301;p541_6(11a);p400_3(11w);415
;302;p541_6(11a);p400_3(13c)p400_3(23c);412
;303;p541_6(10a);p440_8(0)p440_8(0)p550_8(0);411
;304;p200_4(0t)p541_6(12p);p400_3(12c)p400_3(22c);409
;305;p451_6(13a)p401_5(13p);p440_8(0)p550_8(0);409
;306;p440_1(3a)p541_6(11a);p550_8(0)p400_3(11c);407
;307;p440_8(0)p440_8(0);p500_3(11c);407
;308;p451_6(11a)p500_3(12c);p550_8(0)p500_3(22w);403
;309;p541_6(11a)p400_3(12c);p440_8(0)p550_8(0)p550_8(0)p400_3(22c);403
;310;p400_2(4);p200_4(0t)p541_6(12a);399
;311;p550_1(3a);p200_9(0)p440_8(0);398
;312;p451_6(11a)p500_3(12c);p440_8(0)p440_8(0)p550_8(0)p500_3(22c);397
;313;p550_8(0)p550_8(0);p400_3(22w);395
;314;p200_4(0t)p541_6(12p);p400_3(12c);394
;315;p300_4(0t)p451_6(12p);p500_3(12c);392
;316;p451_6(10a);p440_8(0)p550_8(0)p550_8(0);392
;317;p500_2(5);p300_4(0t)p451_6(12a);386
;318;p300_9(0)p440_8(0)p440_8(0)p550_8(0);p550_8(0)p550_8(0);384
;319;p440_1(1a);p300_9(0)p550_8(0);384
;320;p550_1(4a);p451_6(11a);384
;321;p200_4(0t);p454_10(1);381
;322;p400_3(13w)p200_4(1t);p400_3(23c);379
;323;p541_6(11a);p001_18(0);373
;324;p500_3(13w)p300_4(1t);p500_3(23c);372
;325;p501_5(32p);p440_8(0);372
;326;p550_1(3a)p451_6(11a);p440_8(0)p500_3(11c);372
;327;p400_4(0p);p400_2(1);371
;328;p400_3(23w);p200_4(1t);370
;329;p500_2(4);p300_4(0t)p451_6(12a);370
;330;p541_6(11p)p400_3(12w)p200_4(1t);p400_3(22w);370
;331;p300_9(1);p001_18(0);369
;332;p440_8(0);p400_3(11w);369
;333;p541_6(13a)p501_5(13p);p550_8(0)p550_8(0);366
;334;p440_8(0)p440_8(0);p440_8(0)p550_8(0)p550_8(0);364
;335;p451_6(11a)p500_3(12c);p550_8(0)p550_8(0)p500_3(22c);363
;336;p451_6(11p)p500_3(12w)p300_4(1t);p500_3(22w);363
;337;p451_6(11a);p001_18(0);362
;338;p541_6(11a)p400_3(12c);p440_8(0)p440_8(0)p400_3(22c);360
;339;p405_2(3b)p200_4(0t);p550_8(0);358
600;340;p541_6(21a);p550_8(0);357
;341;p500_4(0p);p451_6(21a);354
;342;p200_4(0t);p440_8(0)p550_8(0);346
;343;p501_5(32p);p550_8(0);346
;344;p400_1(3);p300_9(0)p550_8(0);344
;345;p400_2(5)p200_4(0t);p201_5(37t);343
;346;p451_6(11a)p500_3(12c);p440_8(0)p440_8(0)p550_8(0);343
;347;p541_6(11p)p400_3(12c);p440_8(0)p550_8(0)p400_3(22c);341
;348;p300_4(0t);p455_10(1);338
;349;p300_4(0t);p440_8(0)p550_8(0);335
;350;p401_5(32p);p440_8(0);335
;351;p500_4(0p);p504_2(3b);334
;352;p451_6(13a)p401_5(13p);p440_8(0)p440_8(0);330
;353;p550_8(0);p500_3(11w);330
;354;p440_8(0)p440_8(0)p550_8(0);p550_8(0)p400_3(22c);326
;355;p200_9(0)p440_8(0)p440_8(0);p440_8(0)p550_8(0)p550_8(0);325
;356;p500_3(23w);p300_4(1t);325
;357;p500_1(3)p451_6(11a);p440_8(0)p500_3(11c);324
;358;p500_2(5)p300_4(0t);p301_5(37t);322
;359;p400_4(0p);p405_2(3b);318
;360;p500_1(3);p200_9(0)p440_8(0);317
;361;p500_1(4);p451_6(11p);317
;362;p504_2(3b)p300_4(0t);p440_8(0);317
;363;p541_6(10p)p400_3(12c);p440_8(0)p550_8(0)p400_3(22c);316
;364;p401_5(32p);p550_8(0);311
;365;p400_1(4);p541_6(11p);310
;366;p451_6(11a);p200_9(0)p001_18(0);310
;367;p451_6(11p)p500_3(12c);p440_8(0)p550_8(0)p500_3(22c);307
;368;p451_6(11a)p500_3(12w)p300_4(1t);p440_8(0)p550_8(0)p500_3(22c);305
;369;p451_6(10p)p500_3(12w)p300_4(1t);p500_3(22w);303
;370;p541_6(10p)p400_3(12w)p200_4(1t);p400_3(22w);301
;371;p400_4(0p);p401_5(34p);298
;372;p451_6(10p)p500_3(12c);p440_8(0)p550_8(0)p500_3(22c);298
;373;p500_4(0p);p501_5(34p);298
;374;p500_4(0p);p500_2(1);297
;375;p541_6(10a);p200_9(0);297
;376;p451_6(11a);p200_9(0);294
;377;p541_6(11p)p400_3(12w)p200_4(1t);p550_8(0)p400_3(22c);292
;378;p550_1(1a);p200_9(0)p440_8(0);290
;379;p400_3(13c);p400_3(23w)p200_4(1t);285
;380;p300_4(0t)p451_6(12a);p550_8(0);283
;381;p451_6(11a)p500_3(12c);p440_8(0)p550_8(0)p550_8(0)p500_3(22c);283
;382;p400_1(3)p541_6(11a);p550_8(0)p400_3(11c);282
;383;p500_4(0p)p500_1(3);p451_6(11a)p500_3(11c);282
;384;p400_4(0p)p400_1(3);p541_6(11a);281
;385;p200_4(0t)p541_6(12a);p440_8(0);280
;386;p701_6(01c);p400_3(40c);280
;387;p440_1(5a);p300_9(0)p550_8(0);279
;388;p541_6(11a)p400_3(12w)p200_4(1t);p440_8(0)p550_8(0)p400_3(22c);279
;389;p541_6(11a)p400_3(12w)p200_4(1t);p550_8(0)p400_3(22w);279
;390;p500_2(2);p400_4(0p);277
;391;p451_6(11a)p500_3(12w)p300_4(1t);p440_8(0)p500_3(22w);275
;392;p300_9(0)p440_8(0)p440_8(0);p440_8(0)p550_8(0);274
;393;p405_2(3b)p200_4(0t);p440_8(0);273
;394;p500_1(4);p451_6(11p)p500_3(11c);272
;395;p601_6(01c);p500_3(40c);271
;396;p451_6(11p)p500_3(12w)p300_4(1t);p440_8(0)p500_3(22c);269
;397;p504_2(3b)p300_4(0t);p550_8(0);269
;398;p541_6(11a);p200_9(0);269
;399;p401_6(01p);p500_3(40w)p300_4(1t);268
;400;p540_5(11p);p541_6(21a);268
;401;p400_4(0p)p400_1(3);p541_6(11a)p400_3(11c);267
;402;p200_9(0)p440_8(0)p440_8(0);p440_8(0)p440_8(0);266
;403;p500_1(4);p200_9(0);265
;404;p541_6(10p)p400_3(12w)p200_4(1t);p550_8(0)p400_3(22c);265
;405;p541_6(11a)p400_3(12c);p440_8(0)p440_8(0)p550_8(0)p400_3(22c);265
;406;p440_1(3a);p300_9(0)p550_8(0)p550_8(0);264
;407;p300_4(0t);p440_8(0)p440_8(0);263
;408;p541_6(11a);p300_9(0)p001_18(0);261
;409;p400_2(4);p300_4(0t)p451_6(12a);259
;410;p450_5(11p);p451_6(21a);259
;411;p440_8(0)p440_8(0);p500_3(22w);257
;412;p500_3(13c);p500_3(23w)p300_4(1t);255
;413;p500_2(4);p200_4(0t)p541_6(12a);253
;414;p400_4(0p);p541_6(10a)p550_8(0);252
;415;p500_4(0p);p540_5(11p);252
;416;p550_1(1a);p451_6(11a)p500_3(11c);252
;417;p541_6(11p);p400_3(13c)p400_3(23c)p400_3(33c);251
;418;p500_4(0p);p300_9(0);249
;419;p501_5(34p);p440_8(0)p550_8(0);249
;420;p200_9(0)p440_8(0)p550_8(0);p550_8(0)p550_8(0);248
;421;p300_9(0);p400_3(22c);246
;422;p440_1(1a);p541_6(11a)p400_3(11c);245
;423;p400_4(0p);p450_5(11p);244
;424;p400_4(0p);p541_6(10p)p400_3(12c)p400_3(22c);244
;425;p550_1(5a);p200_9(0)p440_8(0);244
;426;p451_6(19a);p001_18(0);243
;427;p300_9(0)p550_8(0)p550_8(0);p550_8(0)p550_8(0);242
;428;p541_6(11p)p400_3(12c);p550_8(0)p400_3(22w);241
;429;p001_18(0);p000_13(4);239
;430;p400_2(2);p500_4(0p);239
;431;p400_4(0p);p200_9(0);239
;432;p550_8(0)p550_8(0);p500_3(22w);239
;433;p400_1(4);p300_9(0);236
;434;p440_8(0)p440_8(0);p400_3(22w);236
;435;p451_6(11p)p500_3(12w)p300_4(1t);p550_8(0)p500_3(22c);236
;436;p451_6(11a)p500_3(12w)p300_4(1t);p440_8(0)p440_8(0)p500_3(22c);235
;437;p500_1(4)p451_6(11a);p500_3(11w);235
;438;p541_6(21p);p400_3(12w)p200_4(1t)p400_3(22c);235
;439;p550_1(1a);p451_6(11a);235
;440;p550_8(0)p550_8(0);p550_8(0)p400_3(22c);235
;441;p541_6(11a)p400_3(12c)p400_3(22w);p500_4(0p);232
;442;p401_7(5p);p440_8(0);231
;443;p504_2(4b);p400_4(0p);231
;444;p001_18(0);p550_8(0);230
;445;p451_6(11a);p500_3(13w)p300_4(1t)p500_3(23c);230
;446;p451_6(10p)p500_3(12w)p300_4(1t);p440_8(0)p500_3(22c);229
;447;p501_6(01p);p400_3(40w)p200_4(1t);229
;448;p501_7(5p);p550_8(0);229
;449;p400_1(4);p541_6(11p)p400_3(11c);228
;450;p400_4(0p);p541_6(11a)p400_3(12w)p200_4(1t)p400_3(22c);228
;451;p451_6(13a)p401_5(13p);p550_8(0)p550_8(0);228
;452;p541_6(13a)p501_5(13p);p440_8(0)p440_8(0);228
;453;p500_2(3);p500_4(0p)p500_1(3);226
;454;p541_6(11a)p400_3(12c);p440_8(0)p550_8(0)p400_3(22w);226
;455;p541_6(11a)p400_3(12w)p200_4(1t);p550_8(0)p550_8(0)p400_3(22c);226
;456;p541_6(11p)p400_3(12w)p200_4(1t);p440_8(0)p400_3(22c);225
;457;p550_1(3a);p200_9(0)p440_8(0)p440_8(0);225
;458;p550_8(0);p400_3(33c);225
;459;p200_9(0)p440_8(0)p440_8(0)p550_8(0);p550_8(0)p550_8(0);224
;460;p500_4(0p);p451_6(11a)p500_3(12w)p300_4(1t)p500_3(22c);224
;461;p200_4(0t);p440_8(0)p440_8(0);223
;462;p540_5(11p);p541_6(10a);223
;463;p440_8(0);p500_3(33c);221
;464;p440_8(0)p550_8(0)p550_8(0);p400_3(11c);221
;465;p200_4(0t);p550_8(0)p550_8(0);220
;466;p440_1(3a)p541_6(11a);p440_8(0)p400_3(11c);220
;467;p451_6(11a)p500_3(12c)p500_3(22w);p400_4(0p);220
;468;p300_9(0)p440_8(0)p440_8(0);p440_8(0)p550_8(0)p550_8(0);219
;469;p401_6(05p);p500_3(40w)p300_4(1t);219
;470;p400_2(4)p200_4(0t);p201_5(37t);218
;471;p451_6(11p)p500_3(12c);p440_8(0)p500_3(22w);218
;472;p541_6(11p);p001_18(0);218
;473;p550_1(3a)p451_6(11a);p550_8(0)p500_3(11c);218
;474;p400_3(13w)p200_4(1t)p400_3(23c);p400_3(33c);216
;475;p451_6(10a);p200_9(0);216
;476;p501_6(05p);p400_3(40w)p200_4(1t);215
;477;p451_6(10a);p440_8(0)p440_8(0)p550_8(0)p550_8(0);214
;478;p500_3(51c);p500_3(52c);214
;479;p541_6(19a);p001_18(0);213
;480;p300_4(0t);p550_8(0)p550_8(0);212
;481;p440_1(1a);p541_6(11a);211
;482;p000_12(0);p454_10(0);210
;483;p400_1(4)p541_6(11a);p400_3(11w);210
;484;p440_8(0)p550_8(0)p550_8(0);p400_3(22w);210
;485;p450_5(11p);p451_6(10a);210
;486;p451_6(11p);p500_3(13c)p500_3(23c)p500_3(33c);208
;487;p451_6(21p);p500_3(12w)p300_4(1t)p500_3(22c);208
;488;p451_6(11p);p001_18(0);207
;489;p440_1(1a);p300_9(0)p550_8(0)p550_8(0);205
;490;p500_4(0p);p451_6(10p)p500_3(12c)p500_3(22c);205
;491;p440_8(0);p400_3(12c)p400_3(22c);204
;492;p500_2(4)p300_4(0t);p301_5(37t);204
;493;p500_4(0p);p451_6(10a)p440_8(0);204
;494;p550_8(0);p440_8(0)p400_3(22c);204
;495;p541_6(10a);p440_8(0)p440_8(0)p550_8(0)p550_8(0);203
;496;p400_2(3);p400_4(0p)p400_1(3);202
;497;p501_5(34p);p440_8(0)p440_8(0);202
;498;p504_2(5b);p300_4(0t);202
;499;p451_6(11a);p200_9(0)p440_8(0);201
;500;p550_8(0)p550_8(0);p500_3(11c);201
;501;p405_2(5b);p200_4(0t);200
;502;p541_6(21p);p400_3(12c)p400_3(22w);200
;503;p400_1(4)p541_6(11a);p550_8(0)p400_3(11c);199
;504;p405_2(4b);p500_4(0p);198
;505;p440_8(0)p440_8(0)p550_8(0);p500_3(11c);198
;506;p550_8(0);p500_3(12c)p500_3(22c);197
;507;p400_2(5);p300_4(0t)p451_6(12a);196
;508;p400_3(51c);p400_3(52c);196
;509;p400_4(0p);p201_5(37t);196
;510;p440_8(0)p440_8(0);p400_3(11c);196
;511;p501_7(5p);p440_8(0);196
;512;p401_5(34p);p440_8(0)p550_8(0);194
;513;p500_4(0p)p500_1(3);p451_6(11a);194
;514;p300_9(0);p400_3(11c);193
;515;p400_1(1);p300_9(0);193
;516;p400_1(3)p541_6(11a);p440_8(0)p400_3(11c);192
;517;p440_1(5a);p541_6(11a)p400_3(11c);192
;518;p440_8(0)p440_8(0);p440_8(0)p550_8(0)p550_8(0)p550_8(0);192
;519;p500_1(3);p200_9(0)p440_8(0)p440_8(0);192
;520;p440_1(3a)p541_6(11p);p400_3(11w);191
;521;p541_6(10p)p400_3(12w)p200_4(1t);p440_8(0)p400_3(22c);191
;522;p541_6(11a);p550_8(0);191
;523;p000_12(0);p455_10(0);190
;524;p500_2(5);p200_4(0t)p541_6(12a);190
;525;p550_1(3a)p451_6(11p);p500_3(11w);190
;526;p001_18(0);p440_8(0);189
;527;p451_6(11a);p440_8(0);189
;528;p500_1(3)p451_6(11a);p550_8(0)p500_3(11c);189
;529;p500_2(3);p200_4(0t)p541_6(12a);189
;530;p550_1(5a);p451_6(11a)p500_3(11c);189
;531;p451_6(11a)p500_3(12c);p440_8(0)p550_8(0)p500_3(22w);188
;532;p451_6(11a)p500_3(12w)p300_4(1t);p550_8(0)p500_3(22w);188
;533;p400_4(0p);p541_6(11p)p400_3(12c)p400_3(22c);186
;534;p440_8(0)p550_8(0);p400_3(11w);184
;535;p400_4(0p);p541_6(11a)p400_3(12c)p400_3(22w);183
;536;p440_1(3a);p300_9(0)p440_8(0)p550_8(0);182
;537;p451_6(21p);p500_3(12w)p300_4(1t);182
;538;p500_4(0p);p540_5(35p);181
;539;p541_6(21p);p400_3(12w)p200_4(1t);181
;540;p300_9(0);p400_3(12c)p400_3(22c);180
;541;p541_6(12p);p400_3(12c)p400_3(22c);180
;542;p400_2(3);p300_4(0t)p451_6(12a);179
;543;p400_4(0p);p401_5(32p);177
;544;p400_4(0p);p450_5(35p);177
;545;p541_6(11p);p400_3(11w);177
;546;p400_1(3);p300_9(0)p550_8(0)p550_8(0);176
;547;p500_4(0p)p500_2(3);p300_4(0t);176
;548;p400_2(3);p200_4(0t)p541_6(12a);175
;549;p541_6(11a);p400_3(13c)p400_3(23w)p200_4(1t);175
;550;p541_6(11a)p400_3(12c);p440_8(0)p440_8(0)p550_8(0)p550_8(0)p400_3(22c);175
;551;p300_4(0t)p451_6(12p);p500_3(12w)p300_4(1t)p500_3(22c);174
;552;p500_4(0p);p301_5(37t);174
;553;p500_4(0p);p451_6(11a)p500_3(12c)p500_3(22w);174
;554;p500_4(0p);p451_6(11p)p500_3(12c)p500_3(22c);174
;555;p501_5(31p);p440_8(0);174
;556;p550_1(1a);p200_9(0)p440_8(0)p440_8(0);174
;557;p451_6(10p)p500_3(12c);p440_8(0)p500_3(22w);173
;558;p451_6(11a)p500_3(12c)p440_8(0)p440_8(0)p550_8(0);p550_8(0)p500_3(22c);173
;559;p200_9(0);p500_3(11c);172
;560;p400_4(0p)p400_1(3);p300_9(0);172
;561;p440_8(0)p440_8(0)p550_8(0);p400_3(22w);172
;562;p501_5(31p);p550_8(0);172
;563;p501_5(33p);p541_6(12a);172
;564;p541_6(11a);p550_8(0)p400_3(12c)p400_3(22c);172
;565;p451_6(11p);p500_3(13c)p500_3(23c);171
;566;p451_6(11p)p500_3(12c);p440_8(0)p440_8(0)p500_3(22c);171
;567;p541_6(11a)p400_3(12w)p200_4(1t);p440_8(0)p400_3(22w);171
;568;p541_6(11p)p400_3(12c);p550_8(0)p550_8(0)p400_3(22c);171
;569;p401_7(5p);p550_8(0);170
;570;p450_5(35p);p451_6(10a);170
;571;p451_6(10p)p500_3(12w)p300_4(1t);p550_8(0)p500_3(22c);170
;572;p500_1(4)p451_6(11a);p440_8(0)p500_3(11c);170
;573;p401_5(34p);p550_8(0)p550_8(0);169
;574;p500_1(1);p200_9(0);169
;575;p550_1(5a);p200_9(0)p440_8(0)p440_8(0);169
;576;p440_8(0)p440_8(0)p550_8(0);p550_8(0)p500_3(22c);168
;577;p451_6(11p);p500_3(11w);168
;578;p401_5(33p);p451_6(12a);167
;579;p401_5(31p);p550_8(0);166
;580;p451_6(11p)p500_3(12c);p550_8(0)p500_3(22w);166
;581;p500_4(0p);p501_5(32p);166
;582;p200_9(0);p500_3(22c);165
;583;p400_4(0p)p400_2(3);p200_4(0t);165
;584;p451_6(11a)p500_3(12c)p440_8(0)p440_8(0);p500_3(22w);165
;585;p541_6(11p);p400_3(13c)p400_3(23c);165
;586;p200_4(0t)p541_6(12p);p400_3(12w)p200_4(1t)p400_3(22c);164
;587;p401_5(31p);p440_8(0);164
;588;p300_4(0t)p451_6(12p);p500_3(12w)p300_4(1t);163
;589;p440_1(3a);p300_9(0)p440_8(0);163
;590;p500_4(0p)p500_1(3);p200_9(0);163
;591;p541_6(21p)p400_3(12c);p550_8(0)p400_3(22c);163
;592;p550_8(0);p500_3(33c);163
;593;p300_9(0)p001_18(0);p550_8(0);162
;594;p300_9(0)p440_8(0)p440_8(0);p440_8(0);161
;595;p451_6(21p);p500_3(12c)p500_3(22w);161
;596;p440_8(0)p550_8(0)p550_8(0);p500_3(22w);160
;597;p451_6(10a);p300_9(0);160
;598;p501_5(34p);p541_6(12a);160
;599;p541_6(10a);p200_9(0)p550_8(0);160
;600;p401_5(34p);p451_6(12a);159
;601;p451_6(10a)p550_8(0);p440_8(0);159
;602;p440_1(5a);p300_9(0)p550_8(0)p550_8(0);157
;603;p451_6(11p);p200_9(0)p001_18(0);157
;604;p300_9(0)p440_8(0)p440_8(0);p440_8(0)p550_8(0)p550_8(0)p550_8(0);156
;605;p400_2(5)p200_4(0t);p000_13(4);156
;606;p400_3(40w);p300_4(1t);156
;607;p451_6(11a);p500_3(13c)p500_3(23w)p300_4(1t);156
;608;p541_6(11a)p400_3(12c);p550_8(0)p550_8(0)p400_3(22w);156
;609;p541_6(10a);154;
;610;p541_6(10p)p400_3(12c);p550_8(0)p400_3(22w);153
;611;p541_6(13a)p501_5(13p);p440_8(0)p550_8(0)p550_8(0);153
;612;p550_8(0)p550_8(0);p440_8(0);152
;613;p440_1(4a);p541_6(11p)p400_3(11c);151
;614;p440_1(4a)p541_6(11a);p400_3(11w);151
;615;p440_8(0)p440_8(0);p500_3(11w);151
;616;p550_1(4a);p200_9(0);151
;617;p400_1(3)p541_6(11p);p400_3(11w);150
;618;p400_3(12c);p550_8(0)p400_3(22c);150
;619;p440_1(3a)p541_6(11a);p550_8(0)p400_3(11w);150
;620;p440_1(5a);p541_6(11a);150
;621;p500_2(3);p300_4(0t)p451_6(12a);150
;622;p541_6(13a)p501_5(13p);p440_8(0)p440_8(0)p550_8(0);150
;623;p200_4(0t);p200_9(0);149
;624;p541_6(11p)p400_3(12c);p440_8(0)p400_3(22w);149
;625;p550_1(4a);p451_6(11a)p500_3(11w);149
;626;p451_6(13a)p401_5(13p);p440_8(0)p440_8(0)p550_8(0);148
;627;p550_1(3a)p451_6(11a);p440_8(0)p500_3(11w);148
;628;p200_4(0t)p541_6(12p);p400_3(12w)p200_4(1t);147
;629;p300_4(0t);p300_9(0);147
;630;p440_8(0)p440_8(0);p440_8(0)p500_3(22c);147
;631;p440_8(0)p440_8(0)p550_8(0);p400_3(11c);147
;632;p451_6(13a)p401_5(13p);p440_8(0)p550_8(0)p550_8(0);147
;633;p541_6(10p)p400_3(12c);p550_8(0)p550_8(0)p400_3(22c);147
;634;p440_8(0)p550_8(0);p550_8(0)p550_8(0)p400_3(22c);146
;635;p500_3(40w);p200_4(1t);146
;636;p500_4(0p);p501_5(31p);146
;637;p401_5(34p);p440_8(0)p440_8(0);145
;638;p451_6(10p)p500_3(12c);p440_8(0)p440_8(0)p500_3(22c);145
;639;p500_1(3)p451_6(11p);p500_3(11w);145
;640;p500_2(5)p300_4(0t);p000_13(4);145
;641;p550_1(3a);p200_9(0)p440_8(0)p550_8(0);145
900;642;p550_8(0)p550_8(0);p400_3(11w);145
;643;p451_6(13a)p401_5(13p);p200_9(0)p001_18(0);144
;644;p500_3(12c);p440_8(0)p500_3(22c);144
;645;p400_2(4)p200_4(0t);p000_13(1);143
;646;p440_8(0)p550_8(0);p500_3(11w);143
;647;p451_6(11a);p401_6(01p)p500_3(40c);143
;648;p501_5(34p);p550_8(0)p550_8(0);143
;649;p541_6(11p);p300_9(0)p001_18(0);143
;650;p550_1(4a);p451_6(11p)p500_3(11c);143
;651;p451_6(11a);p440_8(0)p500_3(12c)p500_3(22c);142
;652;p500_1(4);p200_9(0)p440_8(0);142
;653;p541_6(10p)p400_3(12c);p440_8(0)p400_3(22w);141
;654;p200_9(0);p550_8(0)p550_8(0)p550_8(0);140
;655;p440_8(0);p400_3(33c);140
;656;p541_6(10a);p001_18(0);140
;657;p541_6(21p)p400_3(12c);p440_8(0)p400_3(22c);140
;658;p451_6(11a)p200_9(0);p500_3(12c)p500_3(22c);139
;659;p541_6(11a)p200_9(0);p400_3(12c)p400_3(22c);139
;660;p550_8(0);p440_8(0)p500_3(22c);139
;661;p451_6(21a);p550_8(0);138
;662;p500_1(5);p200_9(0);138
;663;p500_2(4)p300_4(0t);p000_13(2);138
;664;p500_4(0p);p541_6(13a)p501_5(13p);138
;665;p500_1(3);p200_9(0)p550_8(0);137
;666;p541_6(11a)p400_3(12c)p440_8(0);p440_8(0);137
;667;p440_8(0)p550_8(0)p550_8(0);p500_3(11c);136
;668;p451_6(10p)p500_3(12c);p550_8(0)p500_3(22w);136
;669;p451_6(21p)p500_3(12c);p440_8(0)p500_3(22c);136
;670;p400_1(3);p300_9(0)p440_8(0);135
;671;p440_1(1a);p300_9(0)p440_8(0)p550_8(0);135
;672;p541_6(15a);p400_3(11c);135
;673;p400_1(3);p300_9(0)p440_8(0)p550_8(0);134
;674;p451_6(21p)p500_3(12c);p550_8(0)p500_3(22c);134
;675;p500_4(0p);p300_9(0)p550_8(0);134
;676;p200_4(0t);p440_8(0)p550_8(0)p550_8(0);133
;677;p440_1(1a);p300_9(0)p440_8(0);133
;678;p500_1(3);p200_9(0)p440_8(0)p550_8(0);133
;679;p500_4(0p);p500_2(5);133
;680;p500_4(0p)p500_2(3);p200_4(0t);133
;681;p400_4(0p);p541_6(10a)p440_8(0);132
;682;p400_4(0p);p541_6(11a)p400_3(12c)p550_8(0)p400_3(22c);132
;683;p541_6(21a);p440_8(0);132
;684;p300_4(0t)p451_6(12p);p500_3(12c)p500_3(22w);131
;685;p400_2(4)p200_4(0t);p000_13(3);131
;686;p451_6(10a);p001_18(0);131
;687;p501_5(12p);p440_8(0)p550_8(0);131
;688;p550_1(3a);p200_9(0)p550_8(0);131
;689;p200_4(0t);p440_8(0)p440_8(0)p550_8(0);130
;690;p500_4(0p);p451_6(11a)p500_3(12c)p440_8(0)p500_3(22c);130
;691;p400_3(12c);p440_8(0)p400_3(22c);129
;692;p400_4(0p);p401_5(12p);129
;693;p541_6(11a)p400_3(12w)p200_4(1t);p440_8(0)p440_8(0)p400_3(22c);129
;694;p500_2(4)p300_4(0t);p000_13(1);128
;695;p500_4(0p);p451_6(10a)p550_8(0);128
;696;p550_1(5a);p451_6(11a);128
;697;p400_1(4);p300_9(0)p550_8(0);127
;698;p400_4(0p);p400_2(5);127
;699;p541_6(11a);p400_3(13w)p200_4(1t)p400_3(23c)p400_3(33c);127
;700;p440_1(4a);p541_6(11p);126
;701;p450_5(35p);p451_6(21a);126
;702;p550_1(1a);p200_9(0)p550_8(0);126
;703;p200_9(0)p001_18(0);p440_8(0);125
;704;p400_1(5);p300_9(0);125
;705;p500_2(5)p300_4(0t);p451_6(12p);125
;706;p550_1(1a);p451_6(11a)p500_3(11w);125
;707;p300_4(0t)p451_6(12a);p440_8(0)p550_8(0);124
;708;p400_2(4)p200_4(0t);p000_13(2);124
;709;p400_4(0p)p400_2(3);p300_4(0t);124
;710;p440_1(3a)p541_6(11p);p550_8(0)p400_3(11c);124
;711;p541_6(11a);p200_9(0)p550_8(0);124
;712;p400_4(0p);p451_6(13a)p401_5(13p);123
;713;p451_6(10a);p200_9(0)p440_8(0);123
;714;p540_5(35p);p541_6(21a);123
;715;p541_6(11a)p400_3(12w)p200_4(1t);p440_8(0)p550_8(0)p550_8(0)p400_3(22c);123
;716;p300_9(0);p500_3(12c)p500_3(22c);122
;717;p400_4(0p);p541_6(21p)p400_3(12c)p400_3(22c);122
;718;p405_2(3b)p200_4(0t);p440_8(0)p550_8(0);122
;719;p451_6(11a);p200_9(0)p550_8(0);122
;720;p451_6(21a);p440_8(0)p440_8(0);122
;721;p440_1(5a);p300_9(0)p440_8(0);121
;722;p451_6(15a);p500_3(11c);121
;723;p541_6(10p);p550_8(0)p400_3(12c)p400_3(22c);121
;724;p541_6(11a);p501_6(01p)p400_3(40c);121
;725;p200_4(0t)p541_6(12p)p400_3(12c);p550_8(0)p400_3(22c);120
;726;p300_9(0)p550_8(0)p550_8(0);p550_8(0)p550_8(0)p550_8(0);120
;727;p301_5(37t);p440_8(0);120
;728;p301_5(37t);p550_8(0);120
;729;p500_3(12c);p550_8(0)p500_3(22c);120
;730;p541_6(10a);p550_8(0)p550_8(0)p550_8(0);120
;731;p541_6(10p)p400_3(12c);p440_8(0)p440_8(0)p400_3(22c);120
;732;p440_1(1a);p541_6(11a)p400_3(11w);119
;733;p504_2(3b)p300_4(0t);p440_8(0)p550_8(0);119
;734;p541_6(11a)p400_3(12c);p550_8(0)p550_8(0)p550_8(0)p400_3(22c);119
;735;p400_3(51w);p200_4(1t);118
;736;p401_5(12p);p440_8(0)p550_8(0);118
;737;p451_6(11a)p500_3(12c)p440_8(0)p440_8(0)p550_8(0);p500_3(22w);118
;738;p300_4(0t)p451_6(12p)p500_3(12c);p440_8(0)p500_3(22c);117
;739;p200_4(0t)p541_6(12a);p440_8(0)p550_8(0);116
;740;p200_9(0)p440_8(0)p440_8(0);p440_8(0)p440_8(0)p440_8(0);116
;741;p300_9(0)p440_8(0)p550_8(0);p550_8(0)p550_8(0)p550_8(0);116
;742;p400_4(0p);p401_5(31p);116
;743;p451_6(11a)p500_3(12w)p300_4(1t);p440_8(0)p440_8(0)p550_8(0)p500_3(22c);116
;744;p451_6(11a)p500_3(13w)p300_4(1t)p500_3(23c);p500_3(33c);116
;745;p541_6(11p)p400_3(12c);p440_8(0)p440_8(0)p400_3(22c);116
;746;p401_5(12p);p440_8(0)p440_8(0);115
;747;p500_1(4)p451_6(11a);p550_8(0)p500_3(11c);115
;748;p500_4(0p);p501_5(12p);115
;749;p541_6(21a);p550_8(0)p550_8(0);114
;750;p405_2(4b);p400_4(0p);113
;751;p500_2(4)p300_4(0t);p000_13(3);113
;752;p501_5(34p);p200_9(0);113
;753;p201_5(37t);p440_8(0);112
;754;p000_13(1);p001_18(0);111
;755;p440_1(3a)p541_6(11a);p440_8(0)p550_8(0)p400_3(11c);111
;756;p451_6(11a)p500_3(12w)p300_4(1t);p550_8(0)p550_8(0)p500_3(22c);111
;757;p501_5(32p);p440_8(0)p550_8(0);111
;758;p000_13(3);p001_18(0);110
;759;p400_4(0p)p400_1(3);p300_9(0)p550_8(0);110
;760;p451_6(13a)p401_5(13p);p001_18(0);110
;761;p550_1(4a);p451_6(11p);110
;762;p400_1(3)p541_6(11p);p550_8(0)p400_3(11c);109
;763;p451_6(10p);p440_8(0)p500_3(12c)p500_3(22c);109
;764;p400_4(0p)p400_1(3);p541_6(11a)p400_3(11w);108
;765;p440_1(3a)p541_6(11a);p550_8(0)p550_8(0)p400_3(11c);108
;766;p451_6(11a)p500_3(12c)p440_8(0)p440_8(0);p440_8(0)p500_3(22c);108
;767;p500_4(0p);p504_2(3b)p300_4(0t);108
;768;p200_4(0t)p541_6(12a);p550_8(0)p550_8(0);107
;769;p400_4(0p);p405_2(3b)p500_4(0p);107
;770;p401_6(01p)p500_3(40c);p440_8(0);107
;771;p401_6(01p)p500_3(40c);p550_8(0);107
;772;p500_4(0p);p440_8(0);107
;773;p541_6(13a)p501_5(13p);p300_9(0)p001_18(0);107
;774;p550_1(3a)p451_6(11a);p440_8(0)p550_8(0)p500_3(11c);107
;775;p300_4(0t);p440_8(0)p550_8(0)p550_8(0);106
;776;p400_1(4)p541_6(11a);p440_8(0)p400_3(11c);106
;777;p440_8(0)p550_8(0);p500_3(12c)p500_3(22c);106
;778;p451_6(11p);p440_8(0);106
;779;p500_1(3)p451_6(11a);p440_8(0)p550_8(0)p500_3(11c);106
;780;p541_6(11p);p550_8(0);106
;781;p550_1(1a);p200_9(0)p440_8(0)p550_8(0);106
;782;p400_2(2);p400_4(0p);105
;783;p400_4(0p);p550_8(0);105
;784;p541_6(10a);p200_9(0)p440_8(0);105
;785;p400_2(5)p200_4(0t);p541_6(12p);104
;786;p440_1(5a);p300_9(0)p440_8(0)p550_8(0);104
;787;p451_6(11a)p500_3(12w)p300_4(1t);p440_8(0)p550_8(0)p500_3(22w);104
;788;p451_6(11p)p500_3(12c);p550_8(0)p550_8(0)p500_3(22c);104
;789;p550_1(3a)p451_6(11p);p440_8(0)p500_3(11c);104
;790;p200_9(0)p440_8(0);p500_3(11c);103
;791;p501_6(01p)p400_3(40c);p550_8(0);103
;792;p504_2(4b);p500_4(0p);103
;793;p541_6(10p);p550_8(0);103
;794;p201_5(37t);p550_8(0);102
;795;p440_8(0)p440_8(0)p550_8(0);p500_3(22w);102
;796;p451_6(10a);p440_8(0)p440_8(0)p440_8(0);102
;797;p451_6(21a);p440_8(0)p550_8(0);102
;798;p500_1(3)p451_6(11p);p440_8(0)p500_3(11c);102
;799;p541_6(21p)p400_3(12c)p400_3(22c);p300_9(0);102
;800;p200_4(0t)p541_6(12p);p400_3(12c)p400_3(22w);101
;801;p200_9(0)p440_8(0)p440_8(0);p440_8(0)p550_8(0)p550_8(0)p550_8(0);101
;802;p451_6(21p)p500_3(12c)p500_3(22c);p200_9(0);101
;803;p541_6(10p);p001_18(0);101
;804;p550_1(3a);p200_9(0)p440_8(0)p440_8(0)p550_8(0);101
;805;p200_9(0)p001_18(0);p550_8(0);100
;806;p405_2(3b)p200_4(0t);p550_8(0)p550_8(0);100
;807;p504_2(1b);p300_4(0t);100
;808;p541_6(13a)p501_5(13p);p001_18(0);100
;809;p440_8(0)p550_8(0)p550_8(0)p550_8(0);p500_3(22c);99
;810;p500_4(0p);p500_1(4);99
;811;p541_6(11p);p550_8(0)p400_3(12c)p400_3(22c);99
;812;p541_6(13a)p501_5(13p);p200_9(0);99
;813;p550_1(3a)p451_6(11a);p440_8(0)p440_8(0)p500_3(11c);99
;814;p301_6(06t);p400_3(40c);98
;815;p405_2(1b);p200_4(0t);98
;816;p501_5(12p);p440_8(0)p440_8(0);98
;817;p541_6(11p)p400_3(12w)p200_4(1t);p550_8(0)p400_3(22w);98
;818;p400_1(3)p541_6(11a);p440_8(0)p550_8(0)p400_3(11c);97
;819;p400_2(2);p200_4(0t);97
;820;p405_2(4b);p300_4(0t);97
;821;p451_6(11a)p500_3(12w)p300_4(1t)p500_3(22w);p400_4(0p);97
;822;p500_4(0p);p504_2(3b)p400_4(0p);97
;823;p501_5(12p);p550_8(0)p550_8(0);97
;824;p501_6(01p);p400_3(40w)p300_4(1t);97
;825;p541_6(11a)p400_3(13c)p400_3(23w)p200_4(1t);p400_3(33c);97
;826;p400_4(0p);p405_2(3b)p200_4(0t);96
;827;p400_4(0p);p541_6(11a)p400_3(12w)p200_4(1t)p400_3(22w);96
;828;p440_8(0)p440_8(0)p550_8(0);p550_8(0)p550_8(0)p400_3(22c);96
;829;p451_6(11a)p500_3(13c)p500_3(23c);p440_8(0)p500_3(33c);96
;830;p500_4(0p);p550_1(5a);96
;831;p501_6(01p);p501_11(0);96
;832;p541_6(11a)p400_3(12w)p200_4(1t);p440_8(0)p440_8(0)p550_8(0)p400_3(22c);96
;833;p541_6(11p)p400_3(12c);p440_8(0)p550_8(0)p550_8(0)p400_3(22c);96
;834;p300_4(0t);p440_8(0)p440_8(0)p550_8(0);95
;835;p451_6(10p);p440_8(0);95
;836;p451_6(10p)p500_3(12c);p550_8(0)p550_8(0)p500_3(22c);95
;837;p500_3(51w);p300_4(1t);95
;838;p541_6(10a)p550_8(0);p440_8(0);95
;839;p541_6(11a);p200_9(0)p440_8(0);95
;840;p541_6(11a)p400_3(12w)p200_4(1t);p440_8(0)p550_8(0)p400_3(22w);95
;841;p400_3(71c);p400_3(72c);94
;842;p401_5(12p);p550_8(0)p550_8(0);94
;843;p440_1(3a);p300_9(0)p440_8(0)p550_8(0)p550_8(0);94
;844;p440_8(0)p440_8(0)p550_8(0)p550_8(0);p500_3(22w);94
;845;p440_8(0)p550_8(0);p500_3(33c);94
;846;p541_6(11a)p400_3(13c)p400_3(23c);p550_8(0)p400_3(33c);94
;847;p400_1(3)p541_6(11p);p440_8(0)p400_3(11c);93
;848;p401_5(32p);p440_8(0)p550_8(0);93
;849;p451_6(10a)p440_8(0)p440_8(0);p440_8(0)p550_8(0);93
;850;p451_6(10p);p001_18(0);93
;851;p500_4(0p);p550_8(0);93
;852;p440_8(0)p550_8(0);p400_3(12c)p400_3(22c);92
;853;p500_1(4);p401_7(2p);92
;854;p500_2(2);p500_4(0p);92
;855;p541_6(10a);p440_8(0)p550_8(0)p550_8(0)p550_8(0);92
;856;p550_1(2a);p451_6(11a)p500_3(11c);92
;857;p401_6(01p);p500_3(40w)p200_4(1t);91
;858;p440_1(4a);p300_9(0)p550_8(0);91
;859;p440_8(0)p550_8(0);p440_8(0);91
;860;p451_6(11a)p200_9(0)p440_8(0);p500_3(12c)p500_3(22c);91
;861;p451_6(11p)p500_3(12w)p300_4(1t);p440_8(0)p500_3(22w);91
;862;p500_3(11w);p400_4(0p);91
;863;p541_6(11a)p400_3(12w)p200_4(1t);p550_8(0)p550_8(0)p400_3(22w);91
;864;p200_4(0t);p001_18(0);90
;865;p300_4(0t);p001_18(0);90
;866;p300_9(0)p440_8(0)p440_8(0)p550_8(0);p550_8(0)p550_8(0)p550_8(0);90
;867;p400_4(0p);p200_9(0)p440_8(0);90
;868;p440_1(5a);p001_18(0);90
;869;p451_6(11a)p500_3(12c);p550_8(0)p550_8(0)p500_3(22w);90
;870;p550_8(0)p550_8(0);p550_8(0)p500_3(22c);90
;871;p200_9(0);p500_3(12c)p500_3(22c);89
;872;p300_9(0)p550_8(0);p400_3(12c)p400_3(22c);89
;873;p400_1(1);p300_9(0)p550_8(0);89
;874;p400_4(0p);p400_1(2);89
;875;p400_4(0p)p400_1(1);p300_9(0);89
;876;p500_1(3)p451_6(11a);p440_8(0)p500_3(11w);89
;877;p500_3(13w)p300_4(1t)p500_3(23c);p500_3(33c);89
;878;p504_2(4b);p200_4(0t);89
;879;p541_6(11a);p200_9(0)p550_8(0)p550_8(0);89
;880;p541_6(11a)p400_3(12c);p440_8(0)p440_8(0)p400_3(22w);89
;881;p550_1(5a);p200_9(0)p440_8(0)p550_8(0);89
;882;p300_4(0t)p451_6(12a);p440_8(0)p440_8(0);88
;883;p400_1(3)p541_6(11a);p550_8(0)p550_8(0)p400_3(11c);88
;884;p451_6(11a)p500_3(12w)p300_4(1t);p440_8(0)p550_8(0)p550_8(0)p500_3(22c);88
;885;p541_6(11a)p400_3(12c);p300_9(0)p400_3(22c);88
;886;p541_6(11p)p400_3(12w)p200_4(1t);p440_8(0)p550_8(0)p400_3(22c);88
;887;p400_4(0p)p541_6(10a);p550_8(0)p550_8(0);87
;888;p401_5(32p);p440_8(0)p440_8(0);87
;889;p401_5(34p);p300_9(0);87
;890;p451_6(11p)p500_3(12w)p300_4(1t);p440_8(0)p550_8(0)p500_3(22c);87
;891;p500_4(0p)p500_1(3);p200_9(0)p440_8(0);87
;892;p550_1(3a)p451_6(11a);p550_8(0)p500_3(11w);87
;893;p000_13(2);p001_18(0);86
;894;p001_18(0);p400_3(11c);86
;895;p200_9(0)p440_8(0)p440_8(0);p440_8(0)p440_8(0)p550_8(0);86
;896;p201_6(06t);p500_3(40c);86
;897;p300_9(0)p550_8(0);p440_8(0);86
;898;p401_5(32p);p550_8(0)p550_8(0);86
;899;p440_1(2a);p541_6(11a)p400_3(11c);86
;900;p440_8(0)p550_8(0);p400_3(33c);86
;901;p451_6(11a);p550_8(0)p500_3(12c)p500_3(22c);86
;902;p500_1(3)p451_6(11p);p550_8(0)p500_3(11c);86
;903;p541_6(11a);p200_9(0)p440_8(0)p550_8(0);86
;904;p541_6(11p)p400_3(12c);p440_8(0)p440_8(0)p550_8(0)p400_3(22c);86
;905;p541_6(21a);p440_8(0)p550_8(0);86
;906;p550_1(5a);p001_18(0);86
;907;p440_1(4a)p541_6(11a);p550_8(0)p400_3(11c);85
;908;p451_6(11a);p440_8(0)p500_3(11c);85
;909;p451_6(11a);p550_8(0);85
;910;p451_6(11a)p200_9(0)p001_18(0);p500_3(12c)p500_3(22c);85
;911;p500_4(0p);p300_9(0)p440_8(0);85
;912;p541_6(11a);p400_3(13w)p200_4(1t)p400_3(23c);85
;913;p541_6(17a);p001_18(0);85
;914;p550_1(3a)p451_6(11p);p550_8(0)p500_3(11c);85
;915;p400_1(3);p300_9(0)p440_8(0)p550_8(0)p550_8(0);84
;916;p400_4(0p);p440_1(1a);84
;917;p451_6(11a);p200_9(0)p440_8(0)p550_8(0);84
;918;p451_6(11p);p440_8(0)p500_3(12c)p500_3(22c);84
;919;p500_2(3);p500_4(0p)p500_1(1);84
;920;p541_6(11a)p400_3(12c);p440_8(0)p550_8(0)p550_8(0)p550_8(0)p400_3(22c);84
;921;p541_6(22a);p400_3(11c);84
;922;p550_1(4a)p451_6(11a);p440_8(0)p500_3(11c);84
1200;923;p300_9(0);p550_8(0)p400_3(22c);83
;924;p400_1(4);p501_7(2p);83
;925;p400_2(1);p500_4(0p);83
;926;p400_2(4);p400_4(0p)p400_1(3);83
;927;p400_3(51w)p200_4(1t);p400_3(52c);83
;928;p440_8(0)p440_8(0)p550_8(0)p550_8(0);p400_3(22w);83
;929;p451_6(10p)p500_3(12c);p440_8(0)p440_8(0)p550_8(0)p500_3(22c);83
;930;p500_4(0p)p500_1(3);p451_6(11p)p500_3(11c);83
;931;p504_2(3b)p300_4(0t);p440_8(0)p440_8(0);83
;932;p541_6(11a)p400_3(12c);p550_8(0)p440_8(0)p400_3(22c);83
;933;p401_5(34p);p440_8(0)p440_8(0)p550_8(0);82
;934;p451_6(11a);p200_9(0)p440_8(0)p440_8(0);82
;935;p451_6(11p)p500_3(12c);p440_8(0)p550_8(0)p500_3(22w);82
;936;p541_6(10p)p400_3(12w)p200_4(1t);p440_8(0)p550_8(0)p400_3(22c);82
;937;p541_6(11a);p440_8(0);82
;938;p541_6(11a)p400_3(12c);p440_8(0)p550_8(0)p550_8(0)p400_3(22w);82
;939;p550_1(1a);p451_6(11p);82
;940;p550_8(0)p550_8(0)p550_8(0);p400_3(11c);82
;941;p400_2(3)p400_4(0p);p541_6(11a)p400_3(12c)p400_3(22c);81
;942;p400_4(0p);p541_6(11a)p400_3(12c)p440_8(0)p400_3(22c);81
;943;p440_1(3a);p300_9(0)p550_8(0)p550_8(0)p550_8(0);81
;944;p500_4(0p);p451_6(11a)p500_3(12c)p550_8(0)p500_3(22c);81
;945;p500_4(0p);p451_6(11a)p500_3(12w)p300_4(1t)p500_3(22w);81
;946;p541_6(10p)p400_3(12c);p440_8(0)p550_8(0)p550_8(0)p400_3(22c);81
;947;p541_6(19p);p001_18(0);81
;948;p300_4(0t)p451_6(12p)p500_3(12c);p550_8(0)p500_3(22c);80
;949;p300_9(0);p400_3(22w);80
;950;p400_3(11w);p500_4(0p);80
;951;p401_6(05p)p500_3(40c);p440_8(0);80
;952;p451_6(11a)p500_3(12w)p300_4(1t);p440_8(0)p440_8(0)p500_3(22w);80
;953;p500_1(2);p451_6(11a)p500_3(11c);80
;954;p500_2(3)p500_4(0p);p451_6(11a)p500_3(12c)p500_3(22c);80
;955;p501_5(34p);p440_8(0)p550_8(0)p550_8(0);80
;956;p550_1(1a);p451_6(11p)p500_3(11c);80
;957;p401_6(01p);p401_11(0);79
;958;p500_4(0p);p451_6(21p)p500_3(12c)p500_3(22c);79
;959;p501_6(01p)p400_3(40c);p440_8(0);79
;960;p541_6(21p);p400_3(12w)p200_4(1t)p400_3(22w);79
;961;p400_2(4)p200_4(0t);p541_6(12p);78
;962;p400_2(5);p300_4(0t)p440_8(0);78
;963;p400_3(13w)p200_4(1t);p400_3(23w)p200_4(1t);78
;964;p440_1(2a);p541_6(11a);78
;965;p440_1(3a)p541_6(11a)p400_3(11w);p500_4(0p);78
;966;p440_8(0)p440_8(0)p440_8(0)p550_8(0);p550_8(0)p550_8(0)p550_8(0);78
;967;p451_6(11a)p500_3(12c)p440_8(0)p440_8(0);p440_8(0)p550_8(0)p500_3(22c);78
;968;p451_6(21p);p500_3(12w)p300_4(1t)p500_3(22w);78
;969;p500_3(71c);p500_3(72c);78
;970;p500_4(0p)p500_1(3);p451_6(11a)p500_3(11w);78
;971;p541_6(10p)p400_3(12w)p200_4(1t);p440_8(0)p400_3(22w);78
;972;p550_8(0)p550_8(0);p400_3(12c)p400_3(22c);78
;973;p300_9(0)p550_8(0);p400_3(11c);77
;974;p400_1(4);p300_9(0)p440_8(0);77
;975;p440_1(3a)p541_6(11a);p440_8(0)p400_3(11w);77
;976;p440_8(0)p440_8(0);p440_8(0)p440_8(0);77
;977;p440_8(0)p440_8(0)p550_8(0)p550_8(0);p500_3(11c);77
;978;p451_6(10a);p401_6(01p)p500_3(40c);77
;979;p451_6(11a)p500_3(13c)p500_3(23w)p300_4(1t);p500_3(33c);77
;980;p451_6(11p)p500_3(12c);p440_8(0)p550_8(0)p550_8(0)p500_3(22c);77
;981;p500_4(0p);p500_2(4);77
;982;p501_6(05p)p400_3(40c);p550_8(0);77
;983;p541_6(10p)p400_3(12w)p200_4(1t);p550_8(0)p400_3(22w);77
;984;p541_6(11a)p400_3(13c)p400_3(23c);p400_3(33w);77
;985;p541_6(13a)p501_5(13p);p440_8(0)p440_8(0)p550_8(0)p550_8(0);77
;986;p550_1(4a);p200_9(0)p440_8(0);77
;987;p550_8(0)p550_8(0)p550_8(0);p400_3(22w);77
;988;p200_4(0t)p541_6(12p)p400_3(12c);p440_8(0)p400_3(22c);76
;989;p400_2(3);p400_4(0p)p400_1(1);76
;990;p400_3(12c)p400_3(22w);p500_4(0p);76
;991;p451_6(11a)p500_3(13c)p500_3(23c);p500_3(33w);76
;992;p451_6(12p);p500_3(12c)p500_3(22c);76
;993;p500_4(0p);p550_1(1a);76
;994;p500_4(0p);p550_1(3a);76
;995;p541_6(10p)p400_3(12c)p400_3(22c);p300_9(0);76
;996;p300_4(0t);p200_9(0);75
;997;p400_1(2);p541_6(11a)p400_3(11c);75
;998;p400_2(3);p400_4(0p)p400_2(3);75
;999;p440_1(5a);p300_9(0)p440_8(0)p550_8(0)p550_8(0);75
;1000;p451_6(13a)p401_5(13p);p440_8(0)p440_8(0)p550_8(0)p550_8(0);75
;1001;p451_6(22a);p500_3(11c);75
;1002;p500_3(12c)p500_3(22w);p400_4(0p);75
;1003;p541_6(11p)p400_3(12c);p440_8(0)p550_8(0)p400_3(22w);75
;1004;p400_4(0p);p400_1(4);74
;1005;p401_5(34p);p440_8(0)p550_8(0)p550_8(0);74
;1006;p451_6(10a);p200_9(0)p550_8(0);74
;1007;p451_6(10p)p500_3(12c);p440_8(0)p550_8(0)p500_3(22w);74
;1008;p451_6(13a)p401_5(13p);p300_9(0);74
;1009;p500_2(2);p300_4(0t);74
;1010;p501_7(5p);p440_8(0)p550_8(0);74
;1011;p550_1(5a);p200_9(0)p550_8(0);74
;1012;p200_9(0);p400_3(11c);73
;1013;p405_2(1b);p500_4(0p);73
;1014;p440_8(0)p440_8(0);p440_8(0)p500_3(11c);73
;1015;p440_8(0)p440_8(0)p550_8(0)p550_8(0);p400_3(11c);73
;1016;p451_6(10a);p550_8(0)p550_8(0)p550_8(0);73
;1017;p541_6(10a);p440_8(0)p440_8(0)p440_8(0);73
;1018;p541_6(11a)p001_18(0);p400_3(12c)p400_3(22c);73
;1019;p400_1(3)p541_6(11a);p550_8(0)p400_3(11w);72
;1020;p400_4(0p);p200_9(0)p550_8(0);72
;1021;p400_4(0p)p400_2(1);p500_4(0p);72
;1022;p401_6(05p)p500_3(40c);p550_8(0);72
;1023;p440_1(1a);p300_9(0)p440_8(0)p550_8(0)p550_8(0);72
;1024;p440_1(3a)p541_6(11p);p440_8(0)p400_3(11c);72
;1025;p440_8(0);p500_3(40c);72
;1026;p440_8(0)p440_8(0);p440_8(0)p550_8(0)p500_3(22c);72
;1027;p440_8(0)p440_8(0);p500_3(12c)p500_3(22c);72
;1028;p451_6(11a)p001_18(0);p500_3(12c)p500_3(22c);72
;1029;p451_6(13a)p401_5(13p)p550_8(0);p440_8(0);72
;1030;p451_6(19p);p001_18(0);72
;1031;p500_1(1);p200_9(0)p440_8(0);72
;1032;p541_6(11a);p440_8(0)p400_3(12c)p400_3(22c);72
;1033;p541_6(11a)p400_3(12c);p440_8(0)p440_8(0)p550_8(0)p400_3(22w);72
;1034;p451_6(13a)p401_5(13p);p201_7(1t);71
;1035;p500_1(3)p451_6(11a);p440_8(0)p440_8(0)p500_3(11c);71
;1036;p500_1(5);p451_6(11a)p500_3(11c);71
;1037;p501_6(05p)p400_3(40c);p440_8(0);71
;1038;p504_2(1b);p400_4(0p);71
;1039;p504_2(5b);p400_4(0p);71
;1040;p001_18(0);p500_3(11c);70
;1041;p400_1(4);p300_9(0)p550_8(0)p550_8(0);70
;1042;p400_1(5);p541_6(11a)p400_3(11c);70
;1043;p400_2(5);p300_4(0t)p550_8(0);70
;1044;p400_4(0p)p400_1(3);p501_7(2p);70
;1045;p400_4(0p)p541_6(10a);p440_8(0)p550_8(0);70
;1046;p401_7(5p);p440_8(0)p550_8(0);70
;1047;p440_1(1a);p541_6(11p);70
;1048;p440_1(4a);p501_7(2p);70
;1049;p451_6(10p)p500_3(12c)p500_3(22c);p200_9(0);70
;1050;p451_6(11a)p500_3(12c);p440_8(0)p550_8(0)p550_8(0)p500_3(22w);70
;1051;p451_6(11p)p500_3(12w)p300_4(1t);p440_8(0)p440_8(0)p500_3(22c);70
;1052;p451_6(11p)p500_3(12w)p300_4(1t);p550_8(0)p500_3(22w);70
;1053;p451_6(17a);p001_18(0);70
;1054;p500_2(2);p200_4(0t);70
;1055;p200_9(0);p400_3(12c)p400_3(22c);69
;1056;p300_9(0)p440_8(0)p550_8(0);p400_3(12c)p400_3(22c);69
;1057;p400_1(5);p300_9(0)p550_8(0);69
;1058;p400_4(0p);p440_1(5a);69
;1059;p451_6(10p)p500_3(12w)p300_4(1t);p440_8(0)p550_8(0)p500_3(22c);69
;1060;p451_6(11p)p500_3(12c);p440_8(0)p440_8(0)p550_8(0)p500_3(22c);69
;1061;p451_6(19a)p001_18(0);p500_3(51c)p500_3(52c);69
;1062;p504_2(2b);p300_4(0t);69
;1063;p541_6(11a);p300_9(0)p400_3(12c)p400_3(22c);69
;1064;p541_6(12a);p550_8(0);69
;1065;p300_9(0)p001_18(0);p440_8(0);68
;1066;p400_4(0p);p541_6(10p)p400_3(12w)p200_4(1t)p400_3(22c);68
;1067;p400_4(0p);p541_6(11p)p400_3(12w)p200_4(1t)p400_3(22c);68
;1068;p451_6(10p)p500_3(12c);p440_8(0)p550_8(0)p550_8(0)p500_3(22c);68
;1069;p500_1(3);p200_9(0)p440_8(0)p440_8(0)p550_8(0);68
;1070;p501_5(32p);p440_8(0)p440_8(0);68
;1071;p501_5(32p);p550_8(0)p550_8(0);68
;1072;p501_5(34p);p440_8(0)p440_8(0)p550_8(0);68
;1073;p504_2(3b);p200_4(0t)p550_8(0);68
;1074;p541_6(10a);p200_9(0)p440_8(0)p550_8(0);68
;1075;p541_6(10a);p440_8(0)p440_8(0)p550_8(0)p550_8(0)p550_8(0);68
;1076;p541_6(11p)p400_3(12w)p200_4(1t);p440_8(0)p400_3(22w);68
;1077;p541_6(21p);p550_8(0)p400_3(12c)p400_3(22c);68
;1078;p200_4(0t)p541_6(12p);p400_3(12w)p200_4(1t)p400_3(22w);67
;1079;p400_2(2);p300_4(0t);67
;1080;p401_5(34p);p200_9(0);67
;1081;p405_2(4b);p200_4(0t)p201_5(37t);67
;1082;p451_6(11p);p401_6(01p)p500_3(40c);67
;1083;p451_6(12a);p440_8(0);67
;1084;p451_6(21p);p440_8(0)p500_3(12c)p500_3(22c);67
;1085;p550_1(3a)p451_6(11a)p500_3(11w);p400_4(0p);67
;1086;p550_1(5a);p200_9(0)p440_8(0)p440_8(0)p550_8(0);67
;1087;p405_2(3b);p300_4(0t)p550_8(0);66
;1088;p440_8(0)p440_8(0)p550_8(0);p500_3(11w);66
;1089;p451_6(10a);p440_8(0)p550_8(0)p550_8(0)p550_8(0);66
;1090;p500_3(13w)p300_4(1t);p500_3(23w)p300_4(1t);66
;1091;p500_4(0p)p500_2(3);p500_4(0p)p500_1(3);66
;1092;p504_2(4b);p300_4(0t)p301_5(37t);66
;1093;p541_6(11a)p400_3(12w)p200_4(1t)p400_3(22w);p500_4(0p);66
;1094;p550_1(1a);p200_9(0)p440_8(0)p440_8(0)p550_8(0);66
;1095;p550_8(0)p550_8(0);p440_8(0)p400_3(22c);66
;1096;p200_9(0);p500_3(11w);65
;1097;p400_2(4);p200_4(0t)p541_6(12a)p550_8(0);65
;1098;p400_2(5);p200_4(0t)p541_6(12a)p550_8(0);65
;1099;p400_4(0p)p400_1(3);p541_6(11p)p400_3(11c);65
;1100;p405_2(3b)p200_4(0t);p200_9(0);65
;1101;p405_2(5b);p500_4(0p);65
;1102;p451_6(11a)p500_3(12w)p300_4(1t);p440_8(0)p440_8(0)p550_8(0)p550_8(0)p500_3(22c);65
;1103;p451_6(21p)p500_3(12c);p440_8(0)p550_8(0)p500_3(22c);65
;1104;p500_3(51w)p300_4(1t);p500_3(52c);65
;1105;p500_4(0p)p451_6(10a);p440_8(0)p550_8(0);65
;1106;p541_6(21p);p550_8(0);65
;1107;p500_2(5);p200_4(0t)p440_8(0);64
;1108;p541_6(10a);p440_8(0)p440_8(0)p440_8(0)p550_8(0);64
;1109;p541_6(10p);p300_9(0)p001_18(0);64
;1110;p541_6(11a)p200_9(0)p550_8(0);p400_3(12c)p400_3(22c);64
;1111;p300_4(0t)p451_6(12p);p500_3(12w)p300_4(1t)p500_3(22w);63
;1112;p300_9(0)p440_8(0);p500_3(12c)p500_3(22c);63
;1113;p400_4(0p);p440_8(0);63
;1114;p401_7(3p);p500_3(22c);63
;1115;p451_6(10a)p440_8(0)p440_8(0);p440_8(0)p550_8(0)p550_8(0);63
;1116;p451_6(13a)p401_5(13p);p200_9(0);63
;1117;p500_1(4)p451_6(11a);p440_8(0)p550_8(0)p500_3(11c);63
;1118;p500_4(0p);p451_6(10p)p500_3(12w)p300_4(1t)p500_3(22c);63
;1119;p541_6(11a);p300_9(0);63
;1120;p541_6(11a)p200_9(0)p440_8(0);p400_3(12c)p400_3(22c);63
;1121;p541_6(13a)p501_5(13p);p200_9(0)p550_8(0);63
;1122;p200_9(0);p440_8(0)p500_3(22c);62
;1123;p400_1(4);p300_9(0)p440_8(0)p550_8(0);62
;1124;p400_4(0p)p400_1(3);p541_6(11p);62
;1125;p451_6(11a)p500_3(13c)p500_3(23c);p550_8(0)p500_3(33c);62
;1126;p500_1(5);p001_18(0);62
;1127;p500_4(0p);p451_6(11a)p500_3(12c)p440_8(0)p550_8(0)p500_3(22c);62
;1128;p500_4(0p);p500_1(2);62
;1129;p500_4(0p)p451_6(10a);p440_8(0)p440_8(0);62
;1130;p541_6(11p);p400_3(13c)p400_3(23w)p200_4(1t);62
;1131;p541_6(11p)p400_3(12c)p400_3(22w);p500_4(0p);62
;1132;p550_1(3a);p200_9(0)p440_8(0)p440_8(0)p440_8(0);62
;1133;p200_4(0t);p440_8(0)p440_8(0)p550_8(0)p550_8(0);61
;1134;p400_4(0p);p400_2(4);61
;1135;p440_1(4a);p001_18(0);61
;1136;p451_6(10p);p200_9(0)p001_18(0);61
;1137;p451_6(11a)p500_3(12c);p200_9(0)p500_3(22c);61
;1138;p451_6(11p)p500_3(12c)p500_3(22w);p400_4(0p);61
;1139;p451_6(15p);p500_3(11c);61
;1140;p500_1(4);p200_9(0)p440_8(0)p440_8(0);61
;1141;p541_6(10a);p200_9(0)p550_8(0)p550_8(0);61
;1142;p541_6(10a);p501_6(01p)p400_3(40c);61
;1143;p541_6(11a);p300_9(0)p440_8(0);61
;1144;p541_6(11a)p400_3(13c)p400_3(23c);p440_8(0)p400_3(33c);61
;1145;p541_6(19a)p001_18(0);p400_3(51c)p400_3(52c);61
;1146;p550_1(3a)p451_6(11a);p440_8(0)p440_8(0)p550_8(0)p500_3(11c);61
;1147;p300_4(0t);p451_6(10a);60
;1148;p400_1(4)p541_6(11p);p550_8(0)p400_3(11c);60
;1149;p400_4(0p);p541_6(10p)p400_3(12c)p550_8(0)p400_3(22c);60
;1150;p405_2(3b)p200_4(0t);p440_8(0)p440_8(0);60
;1151;p440_1(4a);p300_9(0)p550_8(0)p550_8(0);60
;1152;p451_6(10a);p300_9(0)p440_8(0);60
;1153;p451_6(11a)p200_9(0)p550_8(0);p500_3(12c)p500_3(22c);60
;1154;p451_6(11a)p440_8(0);p500_3(12w)p300_4(1t)p500_3(22c);60
;1155;p500_2(5);p200_4(0t)p550_8(0);60
;1156;p500_3(11w);p300_4(0t);60
;1157;p500_4(0p);p451_6(11p)p500_3(12w)p300_4(1t)p500_3(22c);60
;1158;p501_7(3p);p400_3(22c);60
;1159;p541_6(10a);p300_9(0);60
;1160;p541_6(10p)p400_3(12c);p440_8(0)p550_8(0)p400_3(22w);60
;1161;p300_4(0t)p451_6(12a);p550_8(0)p550_8(0);59
;1162;p400_1(3)p541_6(11a);p440_8(0)p400_3(11w);59
;1163;p400_1(5);p001_18(0);59
;1164;p400_2(4)p400_4(0p);p541_6(11a)p400_3(12c)p400_3(22c);59
;1165;p405_2(2b);p200_4(0t);59
;1166;p440_1(3a)p541_6(11a);p440_8(0)p550_8(0)p550_8(0)p400_3(11c);59
;1167;p440_1(4a)p541_6(11a);p440_8(0)p400_3(11c);59
;1168;p500_4(0p)p500_1(3);p451_6(11p);59
;1169;p541_6(11p);p501_6(01p)p400_3(40c);59
;1170;p550_1(3a)p200_9(0);p440_8(0)p440_8(0)p550_8(0)p550_8(0);59
;1171;p400_2(1);p300_4(0t);58
;1172;p400_4(0p);p405_2(3b)p400_4(0p);58
;1173;p400_4(0p);p541_6(10p)p400_3(12c)p400_3(22w);58
;1174;p440_1(1a);p541_6(11p)p400_3(11c);58
;1175;p440_8(0)p440_8(0);p400_3(11w);58
;1176;p440_8(0)p440_8(0)p440_8(0)p550_8(0);p500_3(22w);58
;1177;p440_8(0)p440_8(0)p550_8(0);p550_8(0)p550_8(0)p550_8(0);58
;1178;p500_3(13c)p500_3(23w)p300_4(1t);p500_3(33c);58
;1179;p500_4(0p);p300_9(0)p440_8(0)p550_8(0);58
;1180;p500_4(0p);p504_2(3b)p500_4(0p);58
;1181;p000_12(1);p453_10(0);57
;1182;p200_9(0)p440_8(0);p500_3(12c)p500_3(22c);57
;1183;p200_9(0)p440_8(0)p440_8(0);p440_8(0)p440_8(0)p550_8(0)p550_8(0);57
;1184;p300_4(0t)p301_5(37t);p440_8(0);57
;1185;p400_1(4)p541_6(11a);p550_8(0)p400_3(11w);57
;1186;p405_2(3b);p300_4(0t)p440_8(0);57
;1187;p451_6(13a)p401_5(13p);p440_8(0)p440_8(0)p440_8(0);57
;1188;p500_2(3);p200_4(0t)p550_8(0);57
;1189;p541_6(13a)p501_5(13p);p301_7(1t);57
;1190;p200_9(0)p550_8(0);p440_8(0);56
;1191;p405_2(4b);p200_4(0t)p550_8(0);56
;1192;p440_1(3a);p300_9(0)p440_8(0)p440_8(0)p550_8(0);56
;1193;p440_1(3a)p541_6(11a);p440_8(0)p550_8(0)p400_3(11w);56
;1194;p451_6(10a);p440_8(0)p440_8(0)p550_8(0)p550_8(0)p550_8(0);56
;1195;p451_6(10p)p500_3(12w)p300_4(1t);p440_8(0)p500_3(22w);56
;1196;p451_6(13a)p401_5(13p);p401_6(01p)p500_3(40c);56
;1197;p500_1(3);p200_9(0)p440_8(0)p550_8(0)p550_8(0);56
;1198;p500_2(1);p400_4(0p);56
;1199;p541_6(11a)p300_9(0)p001_18(0);p400_3(12c)p400_3(22c);56
;1200;p541_6(11a)p400_3(12w)p200_4(1t);p440_8(0)p440_8(0)p550_8(0)p550_8(0)p400_3(22c);56
;1201;p541_6(15p);p400_3(11c);56
;1202;p541_6(17a)p001_18(0);p400_3(71c)p400_3(72c);56
;1203;p550_8(0);p400_3(40c);56
;1204;p200_4(0t)p541_6(12a);p440_8(0)p440_8(0);55
;1205;p300_4(0t)p451_6(12p)p500_3(12w)p300_4(1t);p440_8(0)p500_3(22c);55
;1206;p300_9(0);p400_3(11w);55
;1207;p400_4(0p);p541_6(11a);55
;1208;p440_1(2a);p300_9(0);55
;1209;p500_4(0p);p451_6(10p)p500_3(12c)p500_3(22w);55
;1210;p500_4(0p);p451_6(11p)p500_3(12c)p440_8(0)p500_3(22c);55
;1211;p500_4(0p)p500_1(3);p401_7(2p);55
;1212;p501_5(12p);p440_8(0)p550_8(0)p550_8(0);55
;1213;p501_7(5p);p440_8(0)p440_8(0);55
;1214;p504_2(3b)p300_4(0t);p550_8(0)p550_8(0);55
;1215;p541_6(11a)p400_3(12c)p400_3(22c);p550_8(0);55
;1216;p541_6(11p);p400_3(13w)p200_4(1t)p400_3(23c);55
;1217;p541_6(13a)p501_5(13p);p550_8(0)p550_8(0)p550_8(0);55
;1218;p550_8(0)p550_8(0);p500_3(11w);55
;1219;p541_6(13a)p501_5(13p);p550_8(0)p550_8(0)p550_8(0);55
;1220;p550_8(0)p550_8(0);p500_3(11w);55
;1221;p300_4(0t)p301_5(37t);p550_8(0);54
;1222;p400_1(1);p541_6(11a);54
;1223;p400_1(3);p201_7(1t);54
;1224;p400_2(3)p200_4(0t);p000_13(1);54
;1225;p400_4(0p)p400_1(3)p541_6(11a);p550_8(0)p400_3(11c);54
;1226;p405_2(3b)p200_4(0t);p201_5(37t);54
;1227;p440_8(0)p550_8(0)p550_8(0);p400_3(11w);54
;1228;p451_6(10a);p200_9(0)p440_8(0)p550_8(0);54
;1229;p451_6(11a)p500_3(12c)p500_3(22c);p440_8(0);54
;1230;p500_1(4)p451_6(11p);p440_8(0)p500_3(11c);54
;1231;p500_2(3);p400_4(0p)p541_6(10a);54
;1232;p541_6(11a)p200_9(0)p440_8(0)p550_8(0);p400_3(12c)p400_3(22c);54
;1233;p541_6(11p)p400_3(12w)p200_4(1t);p550_8(0)p550_8(0)p400_3(22c);54
;1234;p550_1(2a);p401_7(2p);54
;1235;p550_1(3a)p451_6(11a);p200_9(0)p500_3(11c);54
;1236;p200_4(0t);p541_6(10a);53
;1237;p200_9(0)p001_18(0);p440_8(0)p550_8(0);53
;1238;p300_4(0t)p451_6(12a);p440_8(0)p440_8(0)p550_8(0);53
;1239;p300_9(0)p440_8(0)p440_8(0);p440_8(0)p440_8(0)p550_8(0)p550_8(0)p550_8(0);53
;1240;p300_9(0)p550_8(0)p550_8(0);p440_8(0);53
;1241;p451_6(10p)p500_3(12w)p300_4(1t);p440_8(0)p440_8(0)p500_3(22c);53
;1242;p451_6(11a)p440_8(0);p500_3(12c)p500_3(22w);53
;1243;p500_1(3)p451_6(11a);p550_8(0)p500_3(11w);53
;1244;p500_1(4)p451_6(11a);p440_8(0)p500_3(11w);53
;1245;p500_1(5);p200_9(0)p440_8(0);53
1500;1246;p501_5(12p);p200_9(0);53
;1247;p541_6(10p)p400_3(12c);p440_8(0)p440_8(0)p550_8(0)p400_3(22c);53
;1248;p541_6(11a)p550_8(0);p400_3(12c)p400_3(22w);53
;1249;p200_4(0t);p200_9(0)p440_8(0);52
;1250;p200_9(0)p440_8(0)p440_8(0);p500_3(11c);52
;1251;p200_9(1)p001_18(0);p550_8(0);52
;1252;p300_4(0t);p300_9(0)p550_8(0);52
;1253;p400_1(1);p541_6(11a)p400_3(11c);52
;1254;p400_1(4)p541_6(11a);p440_8(0)p550_8(0)p400_3(11c);52
;1255;p400_4(0p);p200_9(0)p440_8(0)p440_8(0);52
;1256;p400_4(0p);p200_9(0)p440_8(0)p550_8(0);52
;1257;p401_7(5p);p440_8(0)p440_8(0);52
;1258;p440_1(3a)p300_9(0);p440_8(0)p440_8(0)p550_8(0)p550_8(0);52
;1259;p440_1(5a);p541_6(11p);52
;1260;p440_1(5a);p541_6(11p)p400_3(11c);52
;1261;p440_8(0)p440_8(0);p440_8(0)p400_3(22c);52
;1262;p451_6(10a);p200_9(0)p440_8(0)p440_8(0);52
;1263;p451_6(11a)p001_18(0);p500_3(13c)p500_3(23c)p500_3(33c);52
;1264;p500_2(3)p300_4(0t);p000_13(3);52
;1265;p500_3(82c);p500_3(83c);52
;1266;p500_4(0p);p451_6(11a)p500_3(12w)p300_4(1t)p440_8(0)p500_3(22c);52
;1267;p541_6(11a)p200_9(0)p550_8(0)p550_8(0);p400_3(12c)p400_3(22c);52
;1268;p541_6(21p)p400_3(12c);p440_8(0)p550_8(0)p400_3(22c);52
;1269;p550_1(1a)p451_6(11a);p440_8(0)p500_3(11c);52
;1270;p000_12(1);p452_10(0);51
;1271;p200_4(0t);p200_9(0)p550_8(0);51
;1272;p200_9(0)p001_18(0);p440_8(0)p440_8(0);51
;1273;p300_4(0t)p550_8(0);p440_8(0);51
;1274;p400_4(0p);p541_6(11p)p400_3(12c)p550_8(0)p400_3(22c);51
;1275;p400_4(0p)p541_6(21a);p550_8(0);51
;1276;p401_7(5p);p550_8(0)p550_8(0);51
;1277;p440_1(3a)p541_6(11p);p550_8(0)p400_3(11w);51
;1278;p440_1(5a);p001_18(0)p000_13(2);51
;1279;p451_6(10a);p300_9(0)p550_8(0);51
;1280;p451_6(11a)p500_3(12c);p550_8(0)p440_8(0)p500_3(22c);51
;1281;p500_1(4);p200_9(0)p440_8(0)p550_8(0);51
;1282;p500_1(4)p451_6(11p);p500_3(11w);51
;1283;p500_4(0p)p500_1(1);p200_9(0);51
;1284;p541_6(10p)p400_3(12c)p400_3(22w);p500_4(0p);51
;1285;p541_6(11a)p400_3(12c);p550_8(0);51
;1286;p541_6(11a)p550_8(0);p400_3(12w)p200_4(1t)p400_3(22c);51
;1287;p550_1(3a);p200_9(0)p440_8(0)p550_8(0)p550_8(0);51
;1288;p200_4(0t)p541_6(12a);p440_8(0)p550_8(0)p550_8(0);50
;1289;p300_4(0t);p300_9(0)p440_8(0);50
;1290;p400_1(4)p541_6(11p);p400_3(11w);50
;1291;p400_2(3);p400_4(0p)p541_6(10a);50
;1292;p440_8(0)p550_8(0)p550_8(0)p550_8(0);p400_3(11c);50
;1293;p451_6(11a)p200_9(0);p500_3(12w)p300_4(1t)p500_3(22c);50
;1294;p451_6(11p);p500_3(13w)p300_4(1t)p500_3(23c)p500_3(33c);50
;1295;p500_1(3)p451_6(11a)p500_3(11w);p400_4(0p);50
;1296;p500_4(0p);p451_6(21a)p440_8(0);50
;1297;p501_5(18p);p440_8(0);50
;1298;p501_5(34p);p200_9(0)p440_8(0);50
;1299;p541_6(11a)p400_3(12c);p440_8(0)p440_8(0)p550_8(0)p550_8(0)p550_8(0)p400_3(22c);50
;1300;p541_6(11a)p400_3(12c)p400_3(22c);p440_8(0);50
;1301;p550_1(4a)p451_6(11a);p550_8(0)p500_3(11c);50
;1302;p400_2(3)p200_4(0t);p000_13(3);49
