context;covariables;dropout;embedding;layer_norm;num_layers;num_neurons;season;away;home;tie;a_count;a_min;a_1%;a_5%;a_10%;a_25%;a_50%;a_75%;a_90%;a_95%;a_99%;a_max;a_mean;a_std;h_count;h_min;h_1%;h_5%;h_10%;h_25%;h_50%;h_75%;h_90%;h_95%;h_99%;h_max;h_mean;h_std
5;1;0,0;32;False;3;50;201819;0,4129;0,561;0,0261;10000,0;61,0;81,0;87,0;91,0;98,0;105,0;113,0;120,0;125,0;134,0;152,0;105,6235;11,384450286282254;10000,0;63,0;84,0;91,0;95,0;101,0;108,0;116,0;123,0;127,0;136,0;151,0;108,4962;11,021657463980874
5;2;0,0;32;False;3;50;201819;0,3935;0,5828;0,0237;10000,0;61,0;80,0;88,0;91,0;98,0;105,0;113,0;120,0;125,0;134,0;155,0;105,3641;11,312167241637221;10000,0;65,0;84,0;91,0;95,0;101,0;109,0;116,0;124,0;128,0;137,0;156,0;108,8935;11,324733229011217
5;1;0,0;32;True;3;50;201819;0,4154;0,5592;0,0254;10000,0;58,0;81,0;88,0;92,0;99,0;106,0;114,0;122,0;126,0;133,0;150,0;106,4276;11,474019502874974;10000,0;61,0;84,0;91,0;95,0;102,0;109,0;117,0;124,0;128,0;136,0;152,0;109,2935;11,209091047993686
5;2;0,0;32;True;3;50;201819;0,3934;0,5804;0,0262;10000,0;59,0;77,0;84,0;88,0;95,0;102,0;109,0;116,10000000000036;121,0;129,0;143,0;102,1289;11,171157695889296;10000,0;66,0;80,0;88,0;91,90000000000009;98,0;105,0;113,0;120,0;124,0;132,0;149,0;105,6211;11,117917772656892
5;1;0,3;32;False;3;50;201819;0,4298;0,5458;0,0244;10000,0;63,0;79,0;86,0;90,0;97,0;105,0;113,0;120,0;124,0;132,0;146,0;105,1249;11,484375868061264;10000,0;67,0;82,0;89,0;93,0;100,0;107,0;115,0;122,0;126,0;134,0;152,0;107,4875;11,394929933651163
5;2;0,3;32;False;3;50;201819;0,4281;0,5438;0,0281;10000,0;62,0;79,0;87,0;91,0;98,0;105,0;113,0;120,0;124,0;133,0;155,0;105,2446;11,505390399322575;10000,0;54,0;83,0;90,0;93,0;100,0;107,0;115,0;122,0;126,0;135,0;152,0;107,6155;11,262190881189344
5;1;0,3;32;True;3;50;201819;0,4336;0,5409;0,0255;10000,0;66,0;79,0;86,0;90,0;97,0;105,0;113,0;120,0;124,0;132,0;158,0;104,9168;11,44034815539246;10000,0;66,0;80,99000000000001;89,0;93,0;99,0;107,0;115,0;122,0;126,0;134,0;150,0;107,1948;11,528761607146686
5;2;0,3;32;True;3;50;201819;0,4097;0,5672;0,0231;10000,0;64,0;79,0;86,0;90,0;96,0;104,0;111,0;119,0;123,0;131,0;154,0;103,9752;11,260704476476178;10000,0;66,0;81,0;89,0;93,0;99,0;107,0;115,0;122,0;126,0;134,0;152,0;107,0832;11,332083628880314
5;1;0,0;64;True;5;50;202021;0,5447;0,4296;0,0257;10000,0;64,0;83,0;91,0;95,0;101,0;109,0;117,0;124,0;128,0;136,0;153,0;109,0842;11,340122142067946;10000,0;64,0;80,0;88,0;92,0;99,0;106,0;115,0;121,0;126,0;134,0;150,0;106,6718;11,57630709028509
5;1;0,0;32;False;5;50;201819;0,4048;0,5676;0,0276;10000,0;64,0;80,0;88,0;92,0;98,0;105,0;113,0;120,0;125,0;134,0;154,0;105,6685;11,278374347519783;10000,0;66,0;83,0;91,0;94,0;101,0;109,0;116,0;124,0;128,0;137,0;156,0;108,9172;11,455577994440903
5;2;0,0;64;False;3;50;202223;0,3934;0,5792;0,0274;10000,0;67,0;84,0;91,0;95,0;101,0;109,0;116,0;123,0;127,0;135,0;149,0;108,8399;10,890644085767393;10000,0;69,0;85,0;93,0;97,0;104,0;112,0;120,0;127,0;131,0;139,01000000000022;161,0;111,9541;11,528628891520961
5;2;0,0;32;False;5;50;201819;0,4174;0,558;0,0246;10000,0;60,0;78,0;86,0;90,0;96,0;104,0;111,0;118,0;123,0;131,0;150,0;103,847;11,299316725176155;10000,0;69,0;82,0;89,0;92,0;99,0;107,0;114,0;121,0;126,0;134,0;158,0;106,7898;11,230548894993882
5;1;0,0;64;True;3;50;202223;0,3772;0,5979;0,0249;10000,0;61,0;84,0;91,0;95,0;101,0;109,0;116,0;124,0;128,0;137,0;152,0;108,9762;11,232125783882697;10000,0;69,0;87,0;95,0;99,0;105,0;113,0;121,0;129,0;134,0;142,0;159,0;113,6515;11,882498353743317
5;1;0,0;32;True;5;50;201819;0,4011;0,5735;0,0254;10000,0;64,0;80,0;88,0;92,0;99,0;107,0;115,0;122,0;126,0;135,0;159,0;107,0539;11,621406993133405;10000,0;66,0;84,0;92,0;96,0;103,0;111,0;118,0;125,0;130,0;138,0;156,0;110,6732;11,522598612634166
5;1;0,0;64;False;3;50;202223;0,4367;0,5358;0,0275;10000,0;72,0;86,0;93,0;97,0;103,0;110,0;117,0;124,0;129,0;137,0;162,0;110,3815;10,875274015329033;10000,0;72,0;86,0;93,0;97,0;104,0;112,0;120,0;128,0;132,0;141,0;164,0;112,1059;11,78145854580606
5;2;0,0;32;True;5;50;201819;0,4542;0,5216;0,0242;10000,0;67,0;80,0;87,0;91,0;98,0;105,0;113,0;121,0;125,0;134,0;148,0;105,845;11,507685157396693;10000,0;63,0;82,0;89,0;93,0;100,0;107,0;114,0;121,0;125,0;133,0;146,0;106,9992;10,960566260977401
5;1;0,3;32;False;5;50;201819;0,4458;0,5301;0,0241;10000,0;62,0;78,0;86,0;90,0;97,0;104,0;112,0;119,0;123,04999999999927;131,0;148,0;104,4507;11,439259380550716;10000,0;66,0;80,0;87,0;92,0;98,0;106,0;114,0;121,0;125,0;133,0;157,0;106,116;11,371353251371481
5;2;0,0;64;True;3;50;202223;0,4362;0,5363;0,0275;10000,0;72,0;84,0;91,0;95,0;101,0;109,0;116,0;123,0;127,0;135,0;151,0;108,6958;10,984540426109655;10000,0;64,0;84,0;92,0;96,0;103,0;111,0;118,0;126,0;130,0;137,0;156,0;110,5623;11,617995373197958
5;2;0,3;32;False;5;50;201819;0,431;0,545;0,024;10000,0;62,0;78,0;86,0;90,0;97,0;104,0;112,0;119,0;123,0;131,0;154,0;104,3172;11,288185260379423;10000,0;60,0;81,0;88,0;92,0;99,0;106,0;115,0;122,0;126,0;134,0;149,0;106,7401;11,422941843064553
5;1;0,3;64;False;3;50;202223;0,4101;0,5645;0,0254;10000,0;67,0;82,99000000000001;91,0;95,0;102,0;109,0;117,0;124,0;128,0;136,0;152,0;109,2878;11,4484792845073;10000,0;71,0;85,0;93,0;97,0;104,0;112,0;120,0;128,0;133,0;141,0;159,0;112,4022;12,05081563114039
5;2;0,3;64;False;3;50;202223;0,4149;0,5601;0,025;10000,0;71,0;83,0;91,0;94,0;101,0;108,0;116,0;123,0;128,0;135,01000000000022;161,0;108,67;11,339574886028997;10000,0;66,0;86,0;93,0;97,0;104,0;112,0;120,0;127,0;132,0;140,0;156,0;111,8163;11,749645089362172
5;1;0,3;32;True;5;50;201819;0,4361;0,5379;0,026;10000,0;63,0;78,0;86,0;89,0;96,0;104,0;111,0;118,0;123,0;131,0;149,0;103,8597;11,323101923665503;10000,0;62,0;80,0;88,0;91,0;98,0;106,0;114,0;121,0;125,0;133,0;153,0;106,0728;11,395695957186417
5;2;0,3;32;True;5;50;202223;0,4225;0,5508;0,0267;10000,0;62,0;82,0;89,0;93,0;99,0;107,0;114,0;121,0;126,0;134,0;148,0;107,0646;11,15415027453166;10000,0;70,0;85,0;92,0;96,0;102,0;109,0;117,0;124,0;129,0;137,0;154,0;109,7695;11,265152467499568
5;2;0,3;32;True;5;50;201819;0,4302;0,5463;0,0235;10000,0;56,0;78,0;85,0;89,0;96,0;103,0;111,0;118,0;122,0;130,0;145,0;103,1969;11,261359252382508;10000,0;67,0;80,0;87,0;91,0;98,0;105,0;113,0;120,0;124,0;133,0;145,0;105,5125;11,318332660574239
5;1;0,3;64;True;3;50;202223;0,4293;0,5457;0,025;10000,0;68,0;82,0;90,0;94,0;101,0;108,0;115,0;122,0;126,0;134,0;152,0;108,0383;11,011137889689811;10000,0;70,0;83,0;92,0;96,0;103,0;110,0;118,0;125,0;129,0;138,0;163,0;110,4166;11,541350212019028
5;1;0,0;64;False;3;50;201819;0,4449;0,5226;0,0325;10000,0;68,0;82,0;89,0;93,0;99,75;107,0;114,0;122,0;126,0;135,0;151,0;107,1532;11,225904500448296;10000,0;69,0;85,0;91,0;95,0;101,0;108,0;116,0;123,0;127,0;136,0;161,0;108,7527;10,97833298317686
5;2;0,0;64;False;3;50;201819;0,4075;0,5636;0,0289;10000,0;63,0;81,0;88,0;92,0;98,0;106,0;113,0;120,0;124,0;132,0;147,0;105,7641;10,966114934546134;10000,0;71,0;83,0;91,0;95,0;101,0;109,0;116,0;123,0;128,0;136,01000000000022;152,0;108,8557;11,243385561381775
5;2;0,3;64;True;3;50;202223;0,4162;0,5593;0,0245;10000,0;70,0;83,0;90,0;94,0;101,0;108,0;116,0;123,0;127,0;135,0;150,0;108,5891;11,195427412541914;10000,0;65,0;86,0;93,0;97,0;103,0;111,0;120,0;127,0;132,0;139,0;155,0;111,6928;11,781829624932245
5;1;0,0;64;True;3;50;201819;0,3921;0,582;0,0259;10000,0;62,0;79,0;85,0;89,0;96,0;104,0;111,0;118,0;122,0;130,0;149,0;103,6473;11,10754880583684;10000,0;69,0;82,0;89,0;93,0;100,0;107,0;115,0;122,0;126,0;135,0;154,0;107,3666;11,355989621782374
5;1;0,0;64;False;5;50;202223;0,4651;0,5091;0,0258;10000,0;74,0;86,0;93,0;97,0;104,0;111,0;119,0;127,0;132,0;141,0;164,0;111,4689;11,729995399368532;10000,0;71,0;87,0;94,0;98,0;104,0;112,0;120,0;128,0;132,0;142,0;170,0;112,4726;11,733704326499886
5;2;0,0;64;True;3;50;201819;0,2043;0,7767;0,019;10000,0;61,0;75,0;82,0;86,0;93,0;100,0;107,0;114,0;118,0;127,0;145,0;100,2256;10,954337241040145;10000,0;65,0;87,0;94,0;98,0;105,0;112,0;120,0;127,0;131,0;140,0;157,0;112,4974;11,417514142882428
5;2;0,0;64;False;5;50;202223;0,4483;0,5218;0,0299;10000,0;65,0;82,0;89,0;93,0;99,0;107,0;114,0;121,0;125,0;134,0;155,0;106,8046;11,199203590260586;10000,0;70,0;82,0;89,0;93,0;100,0;108,0;116,0;123,0;127,0;136,0;151,0;108,267;11,61330262585919
5;1;0,3;64;False;3;50;201819;0,4181;0,5573;0,0246;10000,0;50,0;79,0;86,0;90,0;97,0;105,0;113,0;120,0;124,0;132,0;150,0;104,9507;11,473449067885007;10000,0;70,0;82,0;89,0;93,0;100,0;108,0;116,0;123,0;128,0;135,0;151,0;108,0287;11,656957783936495
5;1;0,0;64;True;5;50;202223;0,3882;0,5893;0,0225;10000,0;68,0;87,0;94,0;98,0;104,0;111,0;119,0;126,0;130,0;138,0;159,0;111,6937;11,150538720679648;10000,0;75,0;89,0;96,0;101,0;107,0;115,0;124,0;131,0;136,0;145,0;159,0;115,6493;11,978257693660526
5;2;0,3;64;False;3;50;201819;0,423;0,5522;0,0248;10000,0;58,0;78,99000000000001;86,0;90,0;96,0;104,0;111,0;119,0;123,0;131,01000000000022;154,0;103,8641;11,389591892177132;10000,0;67,0;80,99000000000001;88,0;92,0;99,0;106,0;114,0;121,0;126,0;134,0;150,0;106,4346;11,503441039774819
5;1;0,3;32;True;5;50;202223;0,4497;0,5259;0,0244;10000,0;72,0;82,0;89,0;93,0;100,0;107,0;115,0;122,0;126,0;135,0;160,0;107,6551;11,209259955094005;10000,0;62,0;82,0;90,0;94,0;101,0;109,0;117,0;124,0;129,0;137,0;155,0;109,2633;11,642539584764068
5;1;0,3;64;True;3;50;201819;0,4134;0,5621;0,0245;10000,0;60,0;79,0;86,0;90,0;97,0;104,0;112,25;120,0;124,0;131,0;149,0;104,7087;11,548089891753303;10000,0;63,0;81,0;89,0;93,0;100,0;108,0;115,25;123,0;127,0;136,0;152,0;107,7833;11,66099219551657
5;2;0,0;64;True;5;50;202223;0,3634;0,6084;0,0282;10000,0;71,0;85,0;93,0;96,0;103,0;111,0;118,0;125,0;129,0;137,0;159,0;110,735;11,20744108499203;10000,0;65,0;89,99000000000001;97,0;101,0;108,0;116,0;123,0;131,0;135,0;143,0;163,0;115,6579;11,64177051277284
5;2;0,3;64;True;3;50;201819;0,3992;0,579;0,0218;10000,0;61,0;77,0;85,0;89,0;96,0;104,0;111,0;119,0;123,0;131,0;146,0;103,6747;11,49298432866233;10000,0;65,0;81,0;89,0;93,0;100,0;107,0;115,0;122,0;126,0;135,0;154,0;107,4067;11,260203121055708
5;1;0,3;64;False;5;50;202223;0,4143;0,5621;0,0236;10000,0;64,0;82,0;89,0;93,0;100,0;107,0;115,0;122,0;126,0;134,0;152,0;107,2904;11,120379225701448;10000,0;71,0;84,0;91,0;95,0;102,0;110,0;118,0;126,0;130,0;138,0;154,0;110,3443;11,76491388960765
5;1;0,0;64;False;5;50;201819;0,4307;0,5454;0,0239;10000,0;67,0;81,0;89,0;93,0;99,0;107,0;115,0;122,0;127,0;135,0;156,0;107,0027;11,412533342852942;10000,0;73,0;84,0;91,0;95,0;102,0;110,0;117,0;125,0;129,0;138,0;152,0;109,5894;11,648561135936651
5;2;0,3;64;False;5;50;202223;0,4144;0,5592;0,0264;10000,0;70,0;83,0;90,0;94,0;101,0;108,0;116,0;123,0;127,0;135,0;148,0;108,1481;11,18558349474053;10000,0;69,0;85,0;92,0;96,0;103,0;111,0;119,0;126,0;131,0;139,0;154,0;111,1576;11,567918737369807
5;2;0,0;64;False;5;50;201819;0,391;0,5879;0,0211;10000,0;60,0;78,0;85,0;89,0;96,0;103,0;111,0;119,0;123,0;131,0;148,0;103,5625;11,435207481590123;10000,0;69,0;82,0;89,0;93,0;100,0;108,0;116,0;123,0;127,0;136,0;159,0;107,8316;11,55569101523072
5;1;0,3;64;True;5;50;202223;0,4199;0,5545;0,0256;10000,0;66,0;82,0;90,0;94,0;100,0;108,0;115,0;122,0;126,0;134,0;159,0;107,6049;11,12555498783673;10000,0;70,0;84,0;92,0;96,0;102,0;110,0;118,0;125,0;130,0;137,0;156,0;110,229;11,510091538329402
5;1;0,0;64;True;5;50;201819;0,4144;0,5583;0,0273;10000,0;61,0;79,0;86,0;91,0;97,0;105,0;113,0;119,0;124,0;131,0;153,0;104,9239;11,281872045617492;10000,0;69,0;82,0;89,0;93,0;100,0;107,0;115,0;122,0;126,0;134,0;151,0;107,4698;11,275194054210155
5;2;0,3;32;False;5;50;202223;0,4145;0,5609;0,0246;10000,0;70,0;82,0;89,0;93,0;100,0;107,0;115,0;121,0;126,0;134,0;165,0;107,1584;11,101947341051314;10000,0;65,0;84,0;92,0;95,0;102,0;110,0;118,0;125,0;129,0;138,0;158,0;110,1613;11,57177051696454
5;2;0,0;64;True;5;50;201819;0,402;0,5756;0,0224;10000,0;59,0;77,0;84,0;88,0;95,0;102,0;110,0;117,0;121,0;129,0;147,0;102,5363;11,254294656921973;10000,0;65,0;81,0;88,0;92,0;99,0;106,0;114,0;121,0;125,0;134,0;155,0;106,3085;11,385626508853166
5;1;0,3;64;False;5;50;201819;0,4326;0,5425;0,0249;10000,0;52,0;78,0;86,0;90,0;97,0;104,0;112,0;119,0;123,0;131,0;148,0;104,4039;11,3708968212473;10000,0;67,0;81,0;88,0;92,0;99,0;107,0;115,0;122,0;126,0;134,0;151,0;106,855;11,605233437734652
5;2;0,3;64;False;5;50;201819;0,4407;0,5349;0,0244;10000,0;64,0;80,0;87,0;91,0;98,0;105,0;113,0;120,0;124,0;133,0;157,0;105,329;11,441898911678539;10000,0;64,0;80,0;89,0;93,0;99,0;107,0;115,0;122,0;127,0;135,0;149,0;107,1758;11,558531668228131
5;1;0,3;64;True;5;50;201819;0,4343;0,5398;0,0259;10000,0;63,0;78,0;86,0;89,0;97,0;104,0;112,0;119,0;123,0;130,0;145,0;103,9973;11,232057185612174;10000,0;64,0;80,0;88,0;92,0;98,0;106,0;114,0;121,0;125,0;133,0;152,0;106,1395;11,414791697484004
5;2;0,3;64;True;5;50;201819;0,4294;0,5484;0,0222;10000,0;60,0;78,0;85,0;89,0;95,0;103,0;111,0;118,0;122,0;131,0;150,0;103,2465;11,304066345417217;10000,0;66,0;80,0;87,95000000000005;91,0;98,0;106,0;113,0;120,0;125,0;133,0;155,0;105,824;11,397114258501672
5;1;0,0;32;False;3;50;201920;0,4397;0,5349;0,0254;10000,0;62,0;82,0;89,0;93,0;100,0;107,0;115,0;122,0;126,0;135,0;152,0;107,3097;11,31508678839464;10000,0;68,0;84,0;91,0;95,0;102,0;109,0;117,0;124,0;128,0;136,0;154,0;109,2633;11,235132216827399
5;2;0,0;32;False;3;50;201920;0,3995;0,5739;0,0266;10000,0;63,0;80,0;89,0;92,0;99,0;106,0;114,0;121,0;126,0;134,0;147,0;106,5571;11,34293638396077;10000,0;62,0;84,0;91,0;95,0;102,0;110,0;118,0;125,0;130,0;138,0;155,0;110,2357;11,670611201928656
5;1;0,0;32;True;3;50;201920;0,4085;0,5671;0,0244;10000,0;63,0;83,0;90,0;94,0;101,0;109,0;116,25;124,0;128,0;136,0;156,0;108,7039;11,595778154013628;10000,0;69,0;86,0;93,0;98,0;104,0;112,0;120,0;127,0;132,0;140,0;158,0;112,0855;11,586199279805916
5;2;0,0;32;True;3;50;201920;0,3856;0,589;0,0254;10000,0;64,0;80,0;88,0;91,0;98,0;106,0;114,0;122,0;126,0;134,0;150,0;106,2089;11,750568853329513;10000,0;66,0;84,0;92,0;96,0;103,0;110,0;118,0;125,0;129,0;137,01000000000022;155,0;110,2709;11,349193522420919
5;1;0,3;32;False;3;50;201920;0,4313;0,5431;0,0256;10000,0;56,0;79,0;87,0;90,0;97,0;105,0;113,0;119,0;124,0;132,0;148,0;104,9142;11,35565645188975;10000,0;60,0;80,0;88,0;92,0;99,0;107,0;115,0;122,0;126,0;134,0;151,0;107,1475;11,57913431069605
5;2;0,3;32;False;3;50;201920;0,4505;0,527;0,0225;10000,0;60,0;80,0;87,0;91,0;98,0;105,0;113,0;121,0;125,0;133,01000000000022;155,0;105,5963;11,657732051375094;10000,0;62,0;81,0;89,0;93,0;99,0;107,0;115,0;122,0;127,0;135,0;150,0;107,3231;11,61691015933949
5;1;0,3;32;True;3;50;201920;0,4413;0,5334;0,0253;10000,0;65,0;80,0;87,0;91,0;98,0;106,0;113,0;120,0;124,0;132,0;147,0;105,6726;11,280121158628365;10000,0;69,0;81,0;88,0;93,0;100,0;107,0;115,0;123,0;127,0;136,0;160,0;107,5706;11,722514976562731
5;2;0,3;32;True;3;50;201920;0,4741;0,5009;0,025;10000,0;65,0;80,0;87,0;91,0;98,0;106,0;113,0;120,10000000000036;125,0;133,0;159,0;105,8077;11,468717184471233;10000,0;65,0;80,0;88,0;92,0;99,0;106,0;114,0;122,0;126,0;134,0;156,0;106,5534;11,603560345914099
5;1;0,0;32;False;5;50;201920;0,4286;0,5463;0,0251;10000,0;67,0;82,0;89,0;93,0;100,0;108,0;116,0;124,0;129,0;138,0;158,0;108,1918;11,926199570006297;10000,0;70,0;85,0;93,0;96,0;103,0;110,0;118,0;126,0;130,0;139,0;157,0;110,8114;11,447022908745634
5;2;0,0;32;False;5;50;201920;0,4567;0,5196;0,0237;10000,0;73,0;83,0;91,0;94,0;101,0;108,0;116,0;123,0;128,0;137,0;156,0;108,7326;11,42513678758646;10000,0;71,0;84,0;91,0;95,0;102,0;110,0;118,0;126,0;131,0;140,0;158,0;110,1961;12,065363736340858
5;2;0,3;64;True;5;50;202223;0,4365;0,5405;0,023;10000,0;62,0;83,0;90,0;93,0;100,0;107,0;115,0;121,0;126,0;133,0;151,0;107,1164;11,004406423613844;10000,0;64,0;84,0;91,0;94,0;101,0;109,0;117,0;125,0;129,0;137,0;163,0;109,4158;11,666238488563792
5;1;0,0;32;True;5;50;201920;0,4801;0,4951;0,0248;10000,0;66,0;81,0;88,0;92,0;99,0;106,0;114,0;121,0;125,0;133,0;147,0;106,2627;11,31821977697429;10000,0;59,0;80,0;88,0;92,0;99,0;106,0;114,0;122,0;127,0;136,0;151,0;106,6804;11,837882808464473
5;1;0,3;32;False;5;50;202223;0,4159;0,5563;0,0278;10000,0;64,0;82,0;90,0;94,0;100,0;108,0;116,0;123,0;127,0;136,0;153,0;108,1292;11,408458381931592;10000,0;65,0;84,0;92,0;96,0;103,0;111,0;119,0;126,0;130,0;140,0;162,0;110,8835;11,704350769380302
5;2;0,0;32;True;5;50;201920;0,3842;0,5892;0,0266;10000,0;64,0;81,0;88,0;92,0;99,0;107,0;114,0;122,0;125,0;133,0;160,0;106,7869;11,325931134419198;10000,0;70,0;85,0;92,0;96,0;103,0;111,0;119,0;127,0;131,0;140,0;159,0;111,4453;11,899998693566765
5;2;0,0;32;True;5;50;202223;0,3406;0,632;0,0274;10000,0;68,0;83,0;90,0;94,0;101,0;108,0;116,0;122,0;126,0;134,0;156,0;108,1163;11,075407025210287;10000,0;73,0;86,0;94,0;99,0;105,0;113,0;122,0;129,0;134,0;142,0;162,0;113,5102;11,836803071382706
5;1;0,3;32;False;5;50;201920;0,4383;0,537;0,0247;10000,0;61,0;78,0;86,0;90,0;97,0;104,0;112,0;119,0;123,0;130,0;151,0;104,4395;11,296711969424202;10000,0;63,0;80,0;88,0;92,0;99,0;106,0;114,0;122,0;126,0;134,0;151,0;106,5237;11,63489473040211
5;1;0,0;32;True;5;50;202223;0,3452;0,6312;0,0236;10000,0;63,0;82,0;89,0;93,0;100,0;108,0;115,0;122,0;126,0;133,0;153,0;107,7622;11,177421197864176;10000,0;60,0;86,0;94,0;98,0;105,0;113,0;121,0;129,0;133,0;141,0;157,0;113,2976;11,78821150272777
5;2;0,3;32;False;5;50;201920;0,4422;0,534;0,0238;10000,0;64,0;79,0;86,0;90,0;97,0;104,0;112,0;119,0;123,0;132,0;153,0;104,3713;11,261674779618003;10000,0;65,0;81,0;88,0;92,0;98,0;106,0;114,0;121,0;126,0;134,0;156,0;106,3577;11,569111251237683
5;1;0,3;32;True;5;50;201920;0,4286;0,5487;0,0227;10000,0;58,0;77,99000000000001;85,95000000000005;89,0;96,0;104,0;111,0;118,0;123,0;130,0;154,0;103,8571;11,317441762112313;10000,0;68,0;80,0;88,0;92,0;99,0;106,0;114,0;121,0;125,0;134,0;152,0;106,3225;11,419208973626777
5;2;0,0;32;False;5;50;202223;0,449;0,5282;0,0228;10000,0;70,0;84,0;91,0;95,0;101,0;109,0;117,0;124,0;129,0;137,0;150,0;108,9893;11,468283989497573;10000,0;68,0;84,0;92,0;96,0;102,0;110,0;118,0;125,0;130,0;138,0;154,0;110,4108;11,573237980087265
5;1;0,0;64;False;3;50;201920;0,4395;0,5351;0,0254;10000,0;62,0;82,0;90,0;94,0;101,0;108,0;116,0;123,0;127,0;136,0;157,0;108,1213;11,402762323615313;10000,0;67,0;84,0;92,0;95,0;102,0;110,0;118,0;125,0;130,0;139,01000000000022;160,0;109,9987;11,831969314521821
5;1;0,0;32;False;5;50;202223;0,4186;0,5536;0,0278;10000,0;67,0;84,0;92,0;96,0;102,0;110,0;118,0;125,0;130,0;138,0;156,0;110,1571;11,48775071246078;10000,0;65,0;87,0;94,0;98,0;105,0;113,0;121,0;128,0;133,0;141,0;158,0;113,1552;11,812335335851612
5;2;0,0;64;False;3;50;201920;0,4192;0,5525;0,0283;10000,0;63,0;81,0;89,0;93,0;99,0;107,0;114,0;122,0;126,0;135,0;157,0;106,9491;11,255451021961349;10000,0;68,0;82,0;90,0;94,0;101,0;109,0;117,0;125,0;129,0;137,0;154,0;109,3358;11,80043064368151
5;2;0,3;32;True;3;50;202223;0,4576;0,5178;0,0246;10000,0;69,0;83,0;91,0;95,0;102,0;109,0;117,0;124,0;128,0;136,0;156,0;109,6555;11,224705749012541;10000,0;73,0;84,0;92,0;96,0;103,0;111,0;119,0;126,0;131,0;138,0;158,0;110,8666;11,704157516468968
5;2;0,3;32;True;5;50;201920;0,4478;0,5299;0,0223;10000,0;61,0;79,0;86,0;90,0;97,0;104,0;112,0;119,0;124,0;132,0;158,0;104,3904;11,312001767078975;10000,0;66,0;80,0;88,0;92,0;98,0;106,0;114,0;121,0;126,0;134,0;156,0;106,2248;11,56001852778949
5;1;0,0;64;True;3;50;201920;0,3587;0,6173;0,024;10000,0;65,0;82,0;89,0;93,0;99,0;107,0;114,0;122,0;126,0;134,0;152,0;106,8584;11,184259394605464;10000,0;62,0;86,0;94,0;98,0;104,0;112,0;120,0;127,0;131,0;140,0;166,0;112,1453;11,566190625549911
5;1;0,3;32;True;3;50;202223;0,4207;0,553;0,0263;10000,0;62,0;82,99000000000001;90,0;94,0;101,0;109,0;116,0;123,0;127,0;135,0;154,0;108,5952;11,340890553208508;10000,0;70,0;84,0;92,0;96,0;103,0;111,0;119,0;126,0;130,0;138,0;159,0;111,2726;11,602187307358536
5;2;0,0;64;True;3;50;201920;0,4938;0,4755;0,0307;10000,0;70,0;84,0;91,0;95,0;101,0;109,0;117,0;124,0;128,0;137,0;157,0;109,2107;11,45819508183786;10000,0;68,0;83,0;91,0;94,0;101,0;109,0;117,0;124,0;128,0;136,01000000000022;151,0;109,0023;11,495821419150964
5;2;0,3;32;False;3;50;202223;0,4209;0,5565;0,0226;10000,0;62,0;83,0;90,0;94,0;101,0;108,5;116,0;123,0;127,0;135,0;156,0;108,5139;11,236406564077653;10000,0;67,0;84,99000000000001;92,0;97,0;104,0;111,0;119,0;127,0;131,0;139,0;151,0;111,4973;11,674400278908857
5;1;0,3;64;False;3;50;201920;0,4269;0,5492;0,0239;10000,0;63,0;79,99000000000001;87,0;91,0;98,0;106,0;114,0;121,0;126,0;133,0;157,0;106,1273;11,575599084255465;10000,0;67,0;82,0;90,0;94,0;101,0;109,0;117,0;124,0;129,0;137,0;154,0;108,9977;11,938548806482324
5;1;0,0;64;False;3;50;202021;0,4353;0,5407;0,024;10000,0;69,0;82,0;90,0;94,0;100,0;108,0;116,0;123,0;128,0;137,0;162,0;108,4504;11,600827460133004;10000,0;66,0;85,0;92,0;96,0;103,0;110,0;118,0;126,0;130,0;139,0;161,0;110,6557;11,699625875837375
5;1;0,3;32;False;3;50;202223;0,4485;0,5256;0,0259;10000,0;65,0;84,0;92,0;95,0;102,0;110,0;118,0;125,0;129,0;137,0;152,0;110,0115;11,489872473920094;10000,0;62,0;85,0;93,0;97,0;104,0;111,0;119,0;126,0;131,0;139,0;156,0;111,556;11,677872292079881
5;2;0,3;64;False;3;50;201920;0,455;0,5191;0,0259;10000,0;66,0;80,0;88,0;92,0;98,0;106,0;114,0;121,0;126,0;134,0;156,0;106,2691;11,471688853630726;10000,0;62,0;81,0;89,0;93,0;100,0;107,0;115,0;123,0;127,0;137,0;158,0;107,5955;11,776975395446255
5;2;0,0;64;False;3;50;202021;0,4561;0,5126;0,0313;10000,0;65,0;82,0;90,0;94,0;100,0;108,0;116,0;123,0;127,0;135,0;150,0;108,0604;11,341755392422206;10000,0;65,0;82,0;90,0;94,0;101,0;109,0;117,0;124,0;128,0;137,0;155,0;108,9232;11,546108999282065
5;1;0,3;64;True;3;50;201920;0,4498;0,5258;0,0244;10000,0;64,0;80,0;87,0;91,0;98,0;106,0;114,0;121,0;125,0;133,0;149,0;106,0076;11,544161684890796;10000,0;68,0;81,0;88,0;93,0;100,0;108,0;115,0;123,0;127,0;135,0;158,0;107,6265;11,656817142281543
5;2;0,0;32;True;3;50;202223;0,3521;0,6201;0,0278;10000,0;71,0;85,0;92,0;96,0;103,0;110,0;117,0;124,0;128,0;135,0;153,0;109,8675;10,778383974701894;10000,0;75,0;88,0;96,0;100,0;107,0;115,0;123,0;130,0;135,0;143,0;160,0;115,0323;11,779207599969038
5;2;0,3;64;True;3;50;201920;0,4835;0,4907;0,0258;10000,0;65,0;80,0;87,0;91,0;98,0;105,0;114,0;121,0;125,0;133,0;152,0;105,6412;11,503560133696652;10000,0;62,0;80,0;87,0;91,0;98,0;106,0;114,0;121,0;126,0;134,0;146,0;106,0757;11,596664079457383
5;1;0,0;64;True;3;50;202021;0,4054;0,5662;0,0284;10000,0;61,0;81,0;88,0;92,0;99,0;106,0;114,0;121,0;125,0;134,0;152,0;106,4369;11,371347727728429;10000,0;66,0;84,0;91,0;95,0;102,0;109,0;117,0;124,0;129,0;137,0;155,0;109,612;11,430709606678459
5;1;0,0;32;True;3;50;202223;0,4568;0,5165;0,0267;10000,0;70,0;87,0;94,0;98,0;105,0;112,0;120,0;127,0;131,0;138,0;166,0;112,5863;11,041528148059236;10000,0;64,0;87,0;94,0;99,0;106,0;114,0;122,0;129,0;134,0;141,0;158,0;113,7236;11,759304025456451
5;1;0,0;64;False;5;50;201920;0,4507;0,5256;0,0237;10000,0;69,0;86,0;92,0;96,0;103,0;110,0;118,0;126,0;130,0;140,0;154,0;110,537;11,604193066718295;10000,0;73,0;87,0;94,0;98,0;104,0;112,0;120,0;127,0;132,0;141,0;162,0;112,1685;11,75995482150082
5;2;0,0;64;True;3;50;202021;0,518;0,4524;0,0296;10000,0;65,0;85,0;92,0;96,0;103,0;111,0;119,0;126,0;130,0;138,0;155,0;110,966;11,638057760590634;10000,0;68,0;83,0;91,0;95,0;102,0;110,0;118,0;125,0;130,0;138,0;156,0;109,7801;11,79361916187281
5;2;0,0;64;False;5;50;201920;0,4665;0,5051;0,0284;10000,0;56,0;81,0;88,95000000000005;92,0;99,0;107,0;115,0;122,0;128,0;136,0;153,0;107,0488;11,853069985738237;10000,0;70,0;82,0;89,0;93,0;100,0;108,0;116,0;123,0;128,0;137,0;157,0;107,9262;11,760322447892653
5;2;0,0;32;False;3;50;202223;0,4214;0,5482;0,0304;10000,0;71,0;84,0;92,0;96,0;102,0;110,0;117,0;124,0;128,0;135,0;149,0;109,5535;10,842135072913173;10000,0;66,0;86,0;94,0;98,0;104,0;112,0;120,0;127,0;132,0;139,0;166,0;112,3449;11,482400817897549
5;1;0,0;64;True;5;50;201920;0,498;0,4782;0,0238;10000,0;67,0;85,0;93,0;97,0;103,0;111,0;119,0;127,0;131,0;140,0;157,0;111,4665;11,713154893100107;10000,0;70,0;85,0;92,0;96,0;103,0;111,0;119,0;126,0;131,0;139,01000000000022;155,0;111,2478;11,751774571551227
5;1;0,3;64;False;3;50;202021;0,4373;0,5402;0,0225;10000,0;67,0;79,99000000000001;87,0;91,0;97,0;105,0;113,0;119,0;124,0;132,0;153,0;105,0033;11,268193569895438;10000,0;71,0;80,0;88,0;92,0;99,0;107,0;115,0;122,0;126,0;134,0;149,0;107,0889;11,646122101626817
5;1;0,0;32;False;3;50;202223;0,4088;0,5625;0,0287;10000,0;68,0;85,0;92,0;95,0;102,0;109,0;117,0;123,0;128,0;137,0;162,0;109,4258;10,997862958728204;10000,0;72,0;87,0;94,0;98,0;105,0;112,0;120,0;128,0;133,0;142,0;156,0;112,5144;11,709470688736577
5;2;0,0;64;True;5;50;201920;0,4239;0,5504;0,0257;10000,0;62,0;84,0;91,0;95,0;102,0;109,0;118,0;125,0;129,0;138,0;156,0;109,8161;11,587523801951221;10000,0;66,0;87,0;94,0;98,0;105,0;113,0;121,0;128,0;133,0;141,0;154,0;112,7913;11,738080020269765
5;2;0,3;64;False;3;50;202021;0,4546;0,5207;0,0247;10000,0;61,0;81,0;88,0;91,0;98,0;106,0;113,0;121,0;125,0;134,0;153,0;105,8485;11,454967017714965;10000,0;67,0;81,0;89,0;92,0;99,0;107,0;115,0;122,0;126,0;135,0;158,0;107,0473;11,54142032629931
5;1;0,3;64;False;5;50;201920;0,4254;0,5507;0,0239;10000,0;61,0;78,0;87,0;91,0;98,0;105,0;113,0;121,0;125,0;133,01000000000022;154,0;105,6593;11,671043005425156;10000,0;63,0;81,0;89,0;93,0;100,0;108,0;116,0;123,0;128,0;136,0;154,0;108,1463;11,690259301069958
5;2;0,3;64;True;5;50;202122;0,4468;0,5281;0,0251;10000,0;64,0;79,0;86,0;90,0;97,0;104,0;112,0;119,0;124,0;133,0;147,0;104,5584;11,540437929765103;10000,0;70,0;81,0;88,0;92,0;99,0;106,0;114,0;121,0;125,0;133,0;151,0;106,1818;11,161550375314269
5;2;0,3;64;False;5;50;201920;0,4255;0,5511;0,0234;10000,0;67,0;79,0;87,0;90,0;97,0;105,0;112,0;119,0;124,0;132,0;151,0;104,7682;11,305222225368084;10000,0;68,0;81,0;89,0;92,0;99,0;107,0;115,0;122,0;127,0;135,01000000000022;156,0;107,314;11,682270821426567
5;1;0,3;64;True;3;50;202021;0,4785;0,496;0,0255;10000,0;66,0;82,0;89,0;93,0;100,0;108,0;116,0;123,0;127,0;136,0;154,0;108,1518;11,559217893604705;10000,0;66,0;82,0;90,0;94,0;100,0;108,0;116,0;124,0;128,0;136,0;151,0;108,4914;11,665321856399904
5;1;0,3;64;True;5;50;202122;0,4691;0,5058;0,0251;10000,0;60,0;78,0;86,0;90,0;97,0;105,0;112,0;119,0;124,0;132,0;155,0;104,7724;11,470569106873624;10000,0;61,0;80,0;87,0;91,0;98,0;106,0;113,0;121,0;125,0;133,0;156,0;105,6715;11,428265322209993
5;1;0,3;64;True;5;50;201920;0,4132;0,5594;0,0274;10000,0;58,0;79,0;87,0;91,0;98,0;106,0;114,0;121,0;125,0;133,0;152,0;106,0484;11,605366254133871;10000,0;63,0;82,0;90,0;94,0;101,0;109,0;117,0;124,0;129,0;137,0;154,0;109,0302;11,831520884850132
5;2;0,3;64;True;3;50;202021;0,4217;0,552;0,0263;10000,0;62,0;79,0;87,0;90,0;97,0;105,0;112,0;120,0;124,0;132,0;159,0;104,8719;11,37622223030226;10000,0;68,0;82,99000000000001;90,0;93,0;100,0;108,0;115,0;122,0;126,0;134,0;151,0;107,6801;11,293410384016433
5;2;0,3;64;True;5;50;201920;0,4621;0,5141;0,0238;10000,0;63,0;79,0;86,0;90,0;97,0;104,0;112,0;119,0;124,0;132,0;153,0;104,4736;11,429232947865648;10000,0;61,0;80,0;87,0;91,0;98,0;105,0;113,0;120,0;125,0;134,0;154,0;105,5518;11,494212824410608
5;2;0,3;64;False;5;50;202122;0,4527;0,5218;0,0255;10000,0;58,0;79,0;86,0;90,0;97,0;104,0;112,0;119,0;124,0;131,0;151,0;104,3575;11,32831526850671;10000,0;60,0;80,0;88,0;92,0;98,0;106,0;113,0;121,0;125,0;132,0;154,0;105,7664;11,238944008501983
5;1;0,0;32;False;3;50;202021;0,4802;0,4923;0,0275;10000,0;68,0;83,0;90,0;94,0;101,0;108,0;116,0;123,0;128,0;137,0;159,0;108,6158;11,493119660908171;10000,0;72,0;84,0;91,0;94,0;101,0;109,0;117,0;124,0;128,04999999999927;138,0;158,0;108,9841;11,595399627406202
5;1;0,0;64;False;5;50;202021;0,479;0,4962;0,0248;10000,0;71,0;86,0;93,0;97,0;104,0;112,0;119,0;127,0;132,0;140,0;160,0;112,0125;11,629542913495685;10000,0;73,0;88,0;94,0;98,0;104,0;112,0;120,0;128,0;132,0;141,0;161,0;112,3951;11,611661339270354
5;1;0,3;64;False;5;50;202122;0,4359;0,5387;0,0254;10000,0;64,0;78,0;85,0;89,0;96,0;104,0;112,0;119,0;124,0;133,0;150,0;104,3511;11,782271045138035;10000,0;62,0;80,0;88,0;92,0;99,0;106,0;114,0;121,0;126,0;134,0;148,0;106,4049;11,521207827870361
5;2;0,0;32;False;3;50;202021;0,4259;0,5485;0,0256;10000,0;67,0;82,0;89,0;93,0;99,0;107,0;114,0;122,0;126,0;134,0;155,0;107,0833;11,179242311349439;10000,0;72,0;84,0;91,0;95,0;102,0;109,0;117,0;124,0;128,0;136,0;159,0;109,3809;11,43863188584815
5;2;0,0;64;False;5;50;202021;0,4682;0,5058;0,026;10000,0;67,0;81,0;88,0;92,0;99,0;107,0;116,0;123,0;127,0;137,0;154,0;107,6189;11,953198345424896;10000,0;66,0;82,0;90,0;94,0;100,0;108,0;116,0;123,0;127,0;136,0;151,0;108,2849;11,399259901530023
5;1;0,0;32;True;3;50;202021;0,3763;0,5969;0,0268;10000,0;63,0;80,0;87,0;91,0;98,0;106,0;114,0;121,0;125,0;133,0;149,0;106,1262;11,473562560241799;10000,0;74,0;85,0;92,0;96,0;103,0;110,0;119,0;126,0;130,0;138,0;159,0;110,6742;11,808268199858436
5;2;0,0;64;True;5;50;202122;0,6216;0,3564;0,022;10000,0;71,0;85,0;92,0;96,0;103,0;112,0;120,0;127,0;132,0;141,0;159,0;111,7011;12,002398283112196;10000,0;65,0;80,0;87,0;92,0;98,0;106,0;114,0;121,0;125,0;134,0;152,0;106,1696;11,452473608577996
5;2;0,0;32;True;3;50;202021;0,5199;0,4501;0,03;10000,0;68,0;82,0;90,0;94,0;100,0;108,0;116,0;123,0;127,0;136,0;155,0;108,2882;11,450155080396794;10000,0;63,0;81,0;88,0;92,0;99,0;106,0;114,0;121,0;125,0;132,0;153,0;106,4104;11,1767197220998
5;2;0,0;64;True;5;50;202021;0,4119;0,565;0,0231;10000,0;56,0;81,0;89,0;93,0;100,0;108,0;117,0;124,0;128,0;136,0;152,0;108,3432;12,050657060656873;10000,0;75,0;85,99000000000001;93,0;97,0;104,0;112,0;119,0;126,0;130,0;138,0;153,0;111,5535;11,225245581448826
5;1;0,3;32;False;3;50;202021;0,4636;0,5135;0,0229;10000,0;63,0;80,0;87,0;91,0;98,0;106,0;114,0;121,0;125,04999999999927;134,0;157,0;106,3481;11,581396257098122;10000,0;66,0;81,0;88,0;92,0;99,0;107,0;115,0;122,0;127,0;135,0;163,0;107,2347;11,741013629585183
5;1;0,0;64;True;5;50;202122;0,4747;0,4994;0,0259;10000,0;60,0;80,0;86,0;91,0;97,0;105,0;113,0;120,0;125,0;135,0;158,0;105,2387;11,674628559624521;10000,0;68,0;81,0;88,0;92,0;98,0;106,0;113,0;120,0;124,0;132,0;151,0;105,8095;11,002323157473887
5;1;0,3;64;False;5;50;202021;0,4653;0,5114;0,0233;10000,0;65,0;81,0;88,0;92,0;99,0;107,0;115,0;122,0;126,0;134,0;150,0;106,9807;11,5746068901914;10000,0;63,0;81,0;89,0;93,0;100,0;108,0;116,0;123,0;128,0;136,0;156,0;108,0102;11,732547090300665
5;2;0,3;32;False;3;50;202021;0,4478;0,526;0,0262;10000,0;66,0;80,0;87,0;91,0;98,0;105,0;113,0;120,0;125,0;133,0;151,0;105,7246;11,397067348858453;10000,0;67,0;81,0;89,0;93,0;99,0;107,0;115,0;122,0;126,0;135,0;156,0;107,1303;11,504066944590793
5;2;0,0;64;False;5;50;202122;0,531;0,4417;0,0273;10000,0;67,0;81,99000000000001;89,0;93,0;99,0;107,0;115,0;122,0;126,0;135,0;152,0;107,306;11,569241493497898;10000,0;65,0;80,0;87,0;91,0;98,0;105,0;113,0;120,0;124,0;133,0;149,0;105,5576;11,420793566673431
5;1;0,3;32;True;3;50;202021;0,4369;0,5413;0,0218;10000,0;65,0;80,0;87,0;92,0;98,0;106,0;114,0;121,0;125,0;133,0;148,0;106,1623;11,442213559233785;10000,0;57,0;81,0;89,0;93,0;100,0;108,0;116,0;123,0;128,0;136,0;151,0;108,2532;11,776738042254806
5;2;0,3;64;False;5;50;202021;0,4659;0,5074;0,0267;10000,0;63,0;81,0;88,0;92,0;98,0;106,0;114,0;121,0;125,0;134,0;149,0;106,2648;11,323935009987078;10000,0;69,0;81,0;89,0;93,0;99,0;107,0;115,0;122,0;126,0;134,0;149,0;107,1984;11,477970718780481
5;2;0,3;32;True;3;50;202021;0,4413;0,5343;0,0244;10000,0;61,0;80,0;87,0;91,0;98,0;106,0;113,0;121,0;125,0;133,0;158,0;105,7105;11,433388036194636;10000,0;67,0;81,99000000000001;89,0;93,0;100,0;108,0;116,0;123,0;127,0;136,0;158,0;108,0158;11,649554565396791
5;1;0,0;64;False;5;50;202122;0,5414;0,431;0,0276;10000,0;69,0;82,0;90,0;94,0;100,0;108,0;116,0;123,0;128,0;136,0;155,0;108,1364;11,590756213593671;10000,0;63,0;81,0;88,0;92,0;99,0;106,0;114,0;120,0;124,0;133,0;157,0;106,1244;11,134061315267543
5;1;0,0;32;False;5;50;202021;0,4579;0,5168;0,0253;10000,0;64,0;82,0;89,0;93,0;100,0;108,0;115,0;123,0;127,0;136,0;156,0;107,773;11,537867360926102;10000,0;68,0;82,0;90,0;94,0;101,0;109,0;116,0;124,0;128,0;137,0;161,0;108,7646;11,46945254465824
5;1;0,3;64;True;5;50;202021;0,4453;0,5318;0,0229;10000,0;55,0;79,0;87,0;91,0;98,0;106,0;113,0;120,0;124,0;132,01000000000022;146,0;105,4803;11,5398409305705;10000,0;63,0;81,0;89,0;93,0;100,0;107,0;115,0;122,0;127,0;135,0;152,0;107,3685;11,579504144894294
5;2;0,3;64;True;3;50;202122;0,4448;0,5327;0,0225;10000,0;67,0;79,99000000000001;87,0;91,0;98,0;106,0;113,0;121,0;125,0;134,0;148,0;105,6999;11,604986323161095;10000,0;65,0;82,0;89,0;93,0;99,0;107,0;115,0;123,0;127,0;134,0;147,0;107,3834;11,610817608960827
5;2;0,0;32;False;5;50;202021;0,4512;0,5219;0,0269;10000,0;66,0;83,0;90,0;94,0;101,0;109,0;117,0;124,0;128,0;137,0;150,0;108,7186;11,711196747255393;10000,0;68,0;84,0;91,0;95,0;102,0;110,0;118,0;125,0;130,0;138,0;154,0;110,154;11,696801507957279
5;2;0,3;64;True;5;50;202021;0,4591;0,5133;0,0276;10000,0;67,0;79,0;86,0;90,0;97,0;104,0;112,0;119,0;124,0;132,0;148,0;104,6406;11,325805005645408;10000,0;64,0;80,0;87,0;91,0;98,0;105,0;113,0;120,0;125,0;134,0;156,0;105,6971;11,419377908151604
5;1;0,0;32;True;5;50;202021;0,4577;0,5194;0,0229;10000,0;59,0;81,0;89,0;92,0;99,0;107,0;115,0;123,0;127,0;136,0;159,0;107,524;11,861049382295182;10000,0;67,0;82,0;89,0;94,0;101,0;109,0;117,0;124,0;128,0;136,0;152,0;108,6817;11,734093659307502
5;1;0,3;64;True;3;50;202122;0,43;0,5452;0,0248;10000,0;66,0;80,0;87,0;91,0;98,0;106,0;114,0;122,0;126,0;134,0;147,0;106,3272;11,833483988003255;10000,0;68,0;82,0;90,0;94,0;101,0;109,0;117,0;124,0;128,0;136,0;159,0;108,8821;11,574903776262806
5;2;0,0;32;True;5;50;202021;0,5009;0,4691;0,03;10000,0;61,0;83,0;90,95000000000005;95,0;101,0;109,0;117,0;124,0;128,0;136,0;155,0;109,0656;11,545952864218451;10000,0;68,0;83,0;90,0;94,0;101,0;108,0;116,0;123,0;127,0;136,0;152,0;108,4093;11,33314685035684
5;1;0,0;32;False;3;50;202122;0,4423;0,5336;0,0241;10000,0;67,0;82,0;89,0;93,0;99,0;107,0;115,0;122,0;127,0;135,0;162,0;107,3046;11,546703056506976;10000,0;67,0;83,99000000000001;91,0;95,0;101,0;109,0;117,0;124,0;129,0;137,0;154,0;109,0893;11,561733991027813
5;2;0,3;64;False;3;50;202122;0,4518;0,5216;0,0266;10000,0;66,0;79,0;86,0;91,0;98,0;105,0;113,0;121,0;125,0;133,0;154,0;105,5133;11,63927705603053;10000,0;65,0;81,0;88,0;92,0;99,0;107,0;115,0;122,0;127,0;135,0;161,0;107,1025;11,693915876080677
5;1;0,3;32;False;5;50;202021;0,4701;0,5086;0,0213;10000,0;65,0;80,0;87,0;92,0;98,0;106,0;114,0;121,0;125,0;133,0;160,0;106,0669;11,420458269119836;10000,0;63,0;80,0;88,0;92,0;99,0;107,0;115,0;122,0;126,0;134,0;159,0;106,9627;11,716997802925091
5;2;0,0;32;False;3;50;202122;0,4293;0,5402;0,0305;10000,0;66,0;80,0;87,0;91,0;98,0;106,0;115,0;122,0;126,0;136,0;163,0;106,4731;12,020612542736341;10000,0;67,0;83,0;91,0;94,0;101,0;109,0;116,0;123,0;127,0;135,0;154,0;108,6137;11,130294724582347
5;1;0,3;64;False;3;50;202122;0,4463;0,5289;0,0248;10000,0;62,0;78,0;86,0;90,0;97,0;105,0;113,0;120,0;125,0;133,0;154,0;104,9022;11,879223322872395;10000,0;67,0;81,0;88,0;92,0;99,0;107,0;115,0;122,0;126,0;134,0;155,0;106,8306;11,524017699500199
5;2;0,3;32;False;5;50;202021;0,4547;0,5189;0,0264;10000,0;65,0;80,0;88,0;91,0;98,0;106,0;114,0;121,0;125,0;134,0;149,0;106,111;11,463298814999643;10000,0;69,0;81,0;89,0;93,0;99,0;107,0;115,0;122,0;127,0;135,0;150,0;107,4124;11,547331307537364
5;1;0,0;32;True;3;50;202122;0,4793;0,4938;0,0269;10000,0;64,0;80,0;87,0;91,0;98,0;106,0;114,0;121,0;126,0;134,01000000000022;151,0;106,112;11,725314678098412;10000,0;68,0;81,99000000000001;88,0;92,0;99,0;106,0;114,0;121,0;125,0;133,0;147,0;106,2442;11,179045731472192
5;1;0,3;32;True;5;50;202021;0,4561;0,5189;0,025;10000,0;62,0;79,0;86,0;90,0;97,0;105,0;112,0;119,0;124,0;132,0;150,0;104,7653;11,346598187961177;10000,0;62,0;80,0;87,0;91,0;99,0;106,0;114,0;121,0;125,0;133,0;153,0;106,1209;11,405169484891399
5;2;0,0;64;True;3;50;202122;0,4694;0,5023;0,0283;10000,0;63,0;81,0;89,0;92,0;99,0;108,0;116,0;123,0;127,04999999999927;137,0;167,0;107,6907;11,924170918567441;10000,0;64,0;81,0;89,0;93,0;100,0;108,0;115,0;123,0;127,0;135,0;154,0;107,9194;11,439081645783018
5;2;0,3;32;True;5;50;202021;0,4637;0,512;0,0243;10000,0;64,0;80,0;87,0;91,0;98,0;106,0;113,0;120,0;125,0;133,0;155,0;105,7634;11,510467823983207;10000,0;63,0;81,0;88,0;92,0;99,0;107,0;114,0;122,0;126,0;134,0;156,0;106,7549;11,501037056515276
5;2;0,0;32;True;3;50;202122;0,3526;0,6221;0,0253;10000,0;59,0;76,0;84,0;88,0;95,0;103,0;112,0;119,0;123,0;131,0;155,0;103,4973;11,877453434975445;10000,0;68,0;84,0;91,0;95,0;102,0;109,0;117,0;124,0;129,0;136,0;152,0;109,2737;11,319143104054342
5;1;0,0;64;True;3;50;202122;0,3061;0,6691;0,0248;10000,0;60,0;77,0;85,0;89,0;96,0;103,0;111,0;118,0;122,0;130,0;148,0;103,3;11,431162108321038;10000,0;69,0;85,0;93,0;96,0;103,0;111,0;119,0;126,0;130,0;138,0;155,0;110,8895;11,453043568008333
5;1;0,3;32;False;3;50;202122;0,4784;0,4989;0,0227;10000,0;67,0;79,99000000000001;87,0;91,0;97,0;105,0;113,0;120,0;125,0;133,0;148,0;105,28;11,51849241727218;10000,0;66,0;80,0;87,0;91,0;98,0;106,0;114,0;121,0;125,0;134,0;156,0;105,8782;11,528376082758168
5;2;0,0;64;False;3;50;202122;0,4462;0,523;0,0308;10000,0;68,0;81,0;88,0;92,0;99,0;107,0;115,0;122,0;126,0;134,0;151,0;106,9537;11,49204781691682;10000,0;65,0;82,0;90,0;94,0;101,0;108,0;116,0;123,0;127,0;135,0;152,0;108,2524;11,158151490030392
5;2;0,3;32;False;3;50;202122;0,4296;0,547;0,0234;10000,0;54,0;79,0;86,0;90,0;97,0;104,0;112,0;120,0;124,0;132,0;148,0;104,7247;11,530655033889056;10000,0;68,0;81,0;88,0;92,0;99,0;107,0;115,0;122,0;127,0;135,0;157,0;107,0516;11,695170590526423
5;1;0,0;64;False;3;50;202122;0,4916;0,4802;0,0282;10000,0;69,0;83,0;90,0;94,0;101,0;108,0;116,0;124,0;128,0;137,0;155,0;108,4966;11,536632863612457;10000,0;66,0;82,0;90,0;94,0;100,0;108,0;116,0;123,0;128,0;136,0;159,0;108,0838;11,545003519732122
5;1;0,3;32;True;3;50;202122;0,4419;0,5335;0,0246;10000,0;63,0;80,0;87,0;92,0;98,0;106,0;114,0;121,0;125,0;133,0;149,0;106,3959;11,646077721818203;10000,0;69,0;82,0;89,95000000000005;93,90000000000009;101,0;108,0;116,0;123,0;127,0;134,0;156,0;108,386;11,537561073795153
5;2;0,3;32;True;3;50;202122;0,4571;0,5198;0,0231;10000,0;64,0;79,99000000000001;87,0;91,0;98,0;105,0;113,0;120,0;124,0;132,0;151,0;105,2078;11,288408301270717;10000,0;68,0;81,0;88,0;92,0;99,0;107,0;114,0;121,0;125,0;133,0;150,0;106,675;11,231286176521275
5;2;0,3;32;True;5;50;202122;0,4388;0,5377;0,0235;10000,0;65,0;78,0;85,0;89,0;96,0;104,0;112,0;119,0;124,0;133,0;149,0;104,0757;11,68141323006361;10000,0;59,0;80,99000000000001;88,0;92,0;98,0;106,0;113,0;121,0;125,0;132,0;157,0;105,8258;11,318571701700558
5;1;0,0;32;False;5;50;202122;0,4614;0,5136;0,025;10000,0;68,0;82,0;89,0;93,0;99,0;107,0;115,0;123,0;128,0;137,0;159,0;107,6098;11,850712548146204;10000,0;62,0;83,0;90,0;94,0;101,0;109,0;116,0;123,0;128,0;136,0;160,0;108,6674;11,44792919039399
5;1;0,3;32;True;5;50;202122;0,4403;0,5368;0,0229;10000,0;63,0;77,0;85,0;89,0;96,0;104,0;111,0;118,0;122,0;130,0;145,0;103,4844;11,42944529983788;10000,0;67,0;79,0;87,0;91,0;98,0;105,0;113,0;120,0;125,0;133,0;148,0;105,3977;11,45183169431491
5;2;0,0;32;False;5;50;202122;0,4626;0,5125;0,0249;10000,0;66,0;82,0;89,0;93,0;99,0;107,0;114,0;122,0;126,0;135,0;158,0;106,973;11,43935998627937;10000,0;66,0;82,0;89,0;93,0;100,0;107,0;116,0;123,0;127,0;136,0;152,0;107,855;11,6651610618225
5;2;0,3;32;False;5;50;202122;0,4442;0,5317;0,0241;10000,0;64,0;78,0;86,0;90,0;96,0;104,0;112,0;119,0;123,0;131,0;148,0;104,101;11,364968774771235;10000,0;67,0;81,0;88,0;92,0;98,0;106,0;114,0;121,0;125,0;133,0;155,0;105,9858;11,392119047729432
5;1;0,0;32;True;5;50;202122;0,4476;0,5269;0,0255;10000,0;66,0;83,0;90,0;94,0;100,0;108,0;116,0;124,0;129,0;137,0;156,0;108,5407;11,83226705937524;10000,0;63,0;85,0;92,0;95,0;102,0;110,0;118,0;125,0;129,0;137,0;155,0;110,0733;11,466144703318362
5;2;0,0;32;True;5;50;202122;0,3372;0,6339;0,0289;10000,0;67,0;79,0;88,0;92,0;99,0;107,0;114,0;122,0;127,0;135,0;158,0;106,6303;11,835802910367057;10000,0;71,0;87,0;94,0;98,0;105,0;113,0;120,0;128,0;132,0;140,0;154,0;112,7777;11,361672036683109
5;1;0,3;32;False;5;50;202122;0,4583;0,5173;0,0244;10000,0;65,0;78,0;86,0;90,0;97,0;105,0;113,0;120,0;124,0;132,0;156,0;104,9292;11,649633417231444;10000,0;66,0;80,0;88,0;92,0;98,0;106,0;114,0;121,0;126,0;133,0;153,0;106,3265;11,398714437123246
